ply,fullmove,side,clock_in_ms,budget_ms,used_ms,clock_out_ms,depth,nodes,fen
0,9,b,120000.0,5800.0,4323.1,115676.9,11,9567749,r2qkb1r/1p3ppp/p1npbn2/4p1B1/4P3/N1N2P2/PPP3PP/R2QKB1R b KQkq - 3 9
1,10,w,120000.0,5800.0,3345.3,116654.7,10,6982350,r2qk2r/1p2bppp/p1npbn2/4p1B1/4P3/N1N2P2/PPP3PP/R2QKB1R w KQkq - 4 10
2,10,b,116176.9,5628.0,3321.1,112855.8,11,7386240,r2qk2r/1p2bppp/p1npbn2/4p1B1/2N1P3/2N2P2/PPP3PP/R2QKB1R b KQkq - 5 10
3,11,w,117154.7,5672.0,3332.1,113822.7,11,6978117,r2qk2r/1p2bppp/p2pbn2/4p1B1/2NnP3/2N2P2/PPP3PP/R2QKB1R w KQkq - 6 11
4,11,b,113355.8,5501.0,4677.1,108678.6,11,10282240,r2qk2r/1p2bppp/p2pbn2/4p1B1/2NnPP2/2N5/PPP3PP/R2QKB1R b KQkq - 0 11
5,12,w,114322.7,5544.5,4714.2,109608.4,12,10035462,r2qk2r/1p2bpp1/p2pbn1p/4p1B1/2NnPP2/2N5/PPP3PP/R2QKB1R w KQkq - 0 12
6,12,b,109178.6,5313.0,4517.5,104661.2,12,10429184,r2qk2r/1p2bpp1/p2pbn1p/4P1B1/2NnP3/2N5/PPP3PP/R2QKB1R b KQkq - 0 12
7,13,w,110108.4,5354.9,4553.0,105555.4,12,10228736,r2qk2r/1p2bpp1/p3bn1p/4p1B1/2NnP3/2N5/PPP3PP/R2QKB1R w KQkq - 0 13
8,13,b,105161.2,5132.3,3169.7,101991.4,10,7400950,r2qk2r/1p2bpp1/p3bn1p/4p3/2NnP3/2N1B3/PPP3PP/R2QKB1R b KQkq - 1 13
9,14,w,106055.4,5172.5,3307.1,102748.3,11,7225975,r2qk2r/1p2bpp1/p3b2p/4p3/2NnP1n1/2N1B3/PPP3PP/R2QKB1R w KQkq - 2 14
10,14,b,102491.4,5012.1,4261.1,98230.4,11,9903872,r2qk2r/1p2bpp1/p3b2p/4p3/2NBP1n1/2N5/PPP3PP/R2QKB1R b KQkq - 0 14
11,15,w,103248.3,5046.2,2839.1,100409.2,11,6259235,r2qk2r/1p2bpp1/p3b2p/8/2NpP1n1/2N5/PPP3PP/R2QKB1R w KQkq - 0 15
12,15,b,98730.4,4842.9,4117.2,94613.2,11,9548288,r2qk2r/1p2bpp1/p3b2p/3N4/2NpP1n1/8/PPP3PP/R2QKB1R b KQkq - 1 15
13,16,w,100909.2,4940.9,4201.4,96707.8,11,9341440,r2qk2r/4bpp1/p3b2p/1p1N4/2NpP1n1/8/PPP3PP/R2QKB1R w KQkq - 0 16
14,16,b,95113.2,4680.1,3978.8,91134.4,10,8718080,r2qk2r/4bpp1/pN2b2p/1p1N4/3pP1n1/8/PPP3PP/R2QKB1R b KQkq - 1 16
15,17,w,97207.8,4774.4,4059.3,93148.5,11,8955395,r2qk2r/4bpp1/pN5p/1p1b4/3pP1n1/8/PPP3PP/R2QKB1R w KQkq - 0 17
16,17,b,91634.4,4523.5,3845.6,87788.8,11,8731904,r2qk2r/4bpp1/p6p/1p1N4/3pP1n1/8/PPP3PP/R2QKB1R b KQkq - 0 17
17,18,w,93648.5,4614.2,3923.2,89725.4,11,8849664,r2qk2r/4bpp1/p6p/1p1N4/3pP3/4n3/PPP3PP/R2QKB1R w KQkq - 1 18
18,18,b,88288.8,4373.0,3718.0,84570.8,11,8687872,r2qk2r/4bpp1/p6p/1p1N4/3pP3/3Qn3/PPP3PP/R3KB1R b KQkq - 2 18
19,19,w,90225.4,4460.1,3792.2,86433.2,12,8788997,r2qk2r/4bpp1/p6p/1p1n4/3pP3/3Q4/PPP3PP/R3KB1R w KQkq - 0 19
20,19,b,85070.8,4228.2,3595.0,81475.8,11,8267016,r2qk2r/4bpp1/p6p/1p1P4/3p4/3Q4/PPP3PP/R3KB1R b KQkq - 0 19
21,20,w,86933.2,4312.0,3666.0,83267.2,11,8025606,r3k2r/4bpp1/p6p/1p1q4/3p4/3Q4/PPP3PP/R3KB1R w KQkq - 0 20
22,20,b,81975.8,4088.9,3476.6,78499.2,10,7657987,r3k2r/4bpp1/p6p/1p1q4/3p4/3Q4/PPP1B1PP/R3K2R b KQkq - 1 20
23,21,w,83767.2,4169.5,3130.7,80636.5,11,7115407,r4rk1/4bpp1/p6p/1p1q4/3p4/3Q4/PPP1B1PP/R3K2R w KQ - 2 21
24,21,b,78999.2,3955.0,3362.8,75636.3,11,7630857,r4rk1/4bpp1/p6p/1p1q4/3p4/3Q4/PPP1B1PP/R4RK1 b - - 3 21
25,22,w,81136.5,4051.1,3343.9,77792.6,11,7632157,2r2rk1/4bpp1/p6p/1p1q4/3p4/3Q4/PPP1B1PP/R4RK1 w - - 4 22
26,22,b,76136.3,3826.1,2074.8,74061.6,11,4572405,2r2rk1/4bpp1/p6p/1p1q4/3p4/3Q1B2/PPP3PP/R4RK1 b - - 5 22
27,23,w,78292.6,3923.2,3335.8,74956.8,11,7608576,2r2rk1/4bpp1/p6p/1p6/2qp4/3Q1B2/PPP3PP/R4RK1 w - - 6 23
28,23,b,74561.6,3755.3,2619.0,71942.5,11,5803104,2r2rk1/4bpp1/p6p/1p6/2qpB3/3Q4/PPP3PP/R4RK1 b - - 7 23
29,24,w,75456.8,3795.6,3227.0,72229.8,11,7260416,2r2rk1/5pp1/p6p/1p4b1/2qpB3/3Q4/PPP3PP/R4RK1 w - - 8 24
30,24,b,72442.5,3659.9,2378.6,70063.9,11,5303962,2r2rk1/5pp1/p6p/1p4b1/2qpB3/P2Q4/1PP3PP/R4RK1 b - - 0 24
31,25,w,72729.8,3672.8,2795.0,69934.8,13,6201724,2r2rk1/5pp1/p6p/1p6/2qpB3/P2Qb3/1PP3PP/R4RK1 w - - 1 25
32,25,b,70563.9,3575.4,3039.7,67524.2,13,6918152,2r2rk1/5pp1/p6p/1p6/2qpB3/P2Qb3/1PP3PP/R4R1K b - - 2 25
33,26,w,70434.8,3569.6,3034.7,67400.1,12,7078400,3r1rk1/5pp1/p6p/1p6/2qpB3/P2Qb3/1PP3PP/R4R1K w - - 3 26
34,26,b,68024.2,3461.1,2942.8,65081.4,12,6471684,3r1rk1/5pp1/p6p/1p6/2qpB3/P2QbR2/1PP3PP/R6K b - - 4 26
35,27,w,67900.1,3455.5,2938.0,64962.2,13,6978311,3r1rk1/5pp1/p3q2p/1p6/3pB3/P2QbR2/1PP3PP/R6K w - - 5 27
36,27,b,65581.4,3351.2,2806.4,62775.0,13,6111319,3r1rk1/5pp1/p3q2p/1p6/3pB3/P2QbR2/1PP3PP/5R1K b - - 6 27
37,28,w,65462.2,3345.8,1699.6,63762.6,11,3699606,3r1rk1/5pp1/p3q2p/1p4b1/3pB3/P2Q1R2/1PP3PP/5R1K w - - 7 28
38,28,b,63275.0,3247.4,1960.4,61314.6,15,4478867,3r1rk1/5ppB/p3q2p/1p4b1/3p4/P2Q1R2/1PP3PP/5R1K b - - 8 28
39,29,w,64262.6,3291.8,2798.5,61464.1,14,6598400,3r1r1k/5ppB/p3q2p/1p4b1/3p4/P2Q1R2/1PP3PP/5R1K w - - 9 29
40,29,b,61814.6,3181.7,2705.0,59109.6,13,6072580,3r1r1k/5pp1/p3q2p/1p3Bb1/3p4/P2Q1R2/1PP3PP/5R1K b - - 10 29
41,30,w,61964.1,3188.4,1605.5,60358.5,12,3819324,3r1r1k/5pp1/p6p/1p3Bb1/3p4/P2Q1R2/qPP3PP/5R1K w - - 11 30
42,30,b,59609.6,3082.4,2342.2,57267.4,15,5981459,3r1r1k/5pp1/p6p/1p3Bb1/3p4/PQ3R2/qPP3PP/5R1K b - - 12 30
43,31,w,60858.5,3138.6,1970.2,58888.3,15,4827225,3r1r1k/5pp1/p6p/1p3Bb1/3p4/Pq3R2/1PP3PP/5R1K w - - 0 31
44,31,b,57767.4,2999.5,2367.3,55400.1,15,5808944,3r1r1k/5pp1/p6p/1p3Bb1/3p4/PR6/1PP3PP/5R1K b - - 0 31
45,32,w,59388.3,3072.5,2612.4,56776.0,14,6354955,3r1r1k/5p2/p5pp/1p3Bb1/3p4/PR6/1PP3PP/5R1K w - - 0 32
46,32,b,55900.1,2915.5,1969.3,53930.7,13,4699106,3r1r1k/5p2/p5pp/1p4b1/3p4/PR1B4/1PP3PP/5R1K b - - 1 32
47,33,w,57276.0,2977.4,1545.1,55730.9,13,3913366,3r1r2/5pk1/p5pp/1p4b1/3p4/PR1B4/1PP3PP/5R1K w - - 2 33
48,33,b,54430.7,2849.4,2422.8,52007.9,14,6204420,3r1r2/5pk1/p5pp/1p4b1/P2p4/1R1B4/1PP3PP/5R1K b - - 0 33
49,34,w,56230.9,2930.4,2432.0,53798.9,14,6136479,3r1r2/5pk1/p5pp/6b1/p2p4/1R1B4/1PP3PP/5R1K w - - 0 34
50,34,b,52507.9,2762.9,2349.1,50158.8,14,5539584,3r1r2/5pk1/p5pp/6b1/pR1p4/3B4/1PP3PP/5R1K b - - 1 34
51,35,w,54298.9,2843.5,2417.8,51881.1,14,5999629,3r1r2/5pk1/6pp/p5b1/pR1p4/3B4/1PP3PP/5R1K w - - 0 35
52,35,b,50658.8,2679.6,2278.3,48380.5,14,5416452,3r1r2/5pk1/6pp/p5b1/R2p4/3B4/1PP3PP/5R1K b - - 0 35
53,36,w,52381.1,2757.1,2344.3,50036.8,14,5828619,5r2/5pk1/6pp/p2r2b1/R2p4/3B4/1PP3PP/5R1K w - - 1 36
54,36,b,48880.5,2599.6,1813.9,47066.6,12,4204825,5r2/5pk1/6pp/p2r2b1/2Rp4/3B4/1PP3PP/5R1K b - - 2 36
55,37,w,50536.8,2674.2,2273.6,48263.2,13,5413894,3r4/5pk1/6pp/p2r2b1/2Rp4/3B4/1PP3PP/5R1K w - - 3 37
56,37,b,47566.6,2540.5,1440.1,46126.5,11,3435177,3r4/5pk1/6pp/p2r2b1/2Rp4/1P1B4/2P3PP/5R1K b - - 0 37
57,38,w,48763.2,2594.3,1512.4,47250.8,12,3704683,3r4/4bpk1/6pp/p2r4/2Rp4/1P1B4/2P3PP/5R1K w - - 1 38
58,38,b,46626.5,2498.2,1940.3,44686.2,13,4579145,3r4/2R1bpk1/6pp/p2r4/3p4/1P1B4/2P3PP/5R1K b - - 2 38
59,39,w,47750.8,2548.8,2167.3,45583.5,14,5201152,3r4/2Rrbpk1/6pp/p7/3p4/1P1B4/2P3PP/5R1K w - - 3 39
60,39,b,45186.2,2433.4,2068.9,43117.3,14,4860169,3r4/3rbpk1/2R3pp/p7/3p4/1P1B4/2P3PP/5R1K b - - 4 39
61,40,w,46083.5,2473.8,2103.5,43980.0,13,4922372,3r4/3r1pk1/2R3pp/p7/1b1p4/1P1B4/2P3PP/5R1K w - - 5 40
62,40,b,43617.3,2362.8,1396.8,42220.5,13,3213289,3r4/3r1pk1/2R3pp/p7/1b1p4/1P1B2P1/2P4P/5R1K b - - 0 40
63,41,w,44480.0,2401.6,1282.0,43198.0,13,3165886,3r4/5pk1/2Rr2pp/p7/1b1p4/1P1B2P1/2P4P/5R1K w - - 1 41
64,41,b,42720.5,2322.4,1344.7,41375.8,13,3204828,3r4/5pk1/3r2pp/p7/1bRp4/1P1B2P1/2P4P/5R1K b - - 2 41
65,42,w,43698.0,2366.4,2012.4,41685.6,14,4879104,3r4/5pk1/3r2pp/p7/2Rp4/1PbB2P1/2P4P/5R1K w - - 3 42
66,42,b,41875.8,2284.4,1660.7,40215.1,13,3956237,3r4/5pk1/3r2pp/p7/2Rp4/1PbB2P1/2P3KP/5R2 b - - 4 42
67,43,w,42185.6,2298.4,1268.3,40917.3,13,3120438,3r4/3r1pk1/6pp/p7/2Rp4/1PbB2P1/2P3KP/5R2 w - - 5 43
68,43,b,40715.1,2232.2,1897.9,38817.2,13,4400912,3r4/3r1pk1/2R3pp/p7/3p4/1PbB2P1/2P3KP/5R2 b - - 6 43
69,44,w,41417.3,2263.8,1924.9,39492.4,13,4486403,3r4/4rpk1/2R3pp/p7/3p4/1PbB2P1/2P3KP/5R2 w - - 7 44
70,44,b,39317.2,2169.3,1844.7,37472.6,13,4339719,3r4/4rpk1/2R3pp/p7/2Bp4/1Pb3P1/2P3KP/5R2 b - - 8 44
71,45,w,39992.4,2199.7,1870.8,38121.6,13,4379908,3r4/4rpk1/2R3p1/p6p/2Bp4/1Pb3P1/2P3KP/5R2 w - - 0 45
72,45,b,37972.6,2108.8,1793.5,36179.0,13,4222464,3r4/4rpk1/2R3p1/p6p/2Bp4/1Pb3PP/2P3K1/5R2 b - - 0 45
73,46,w,38621.6,2138.0,1817.9,36803.7,13,4320000,8/3rrpk1/2R3p1/p6p/2Bp4/1Pb3PP/2P3K1/5R2 w - - 1 46
74,46,b,36679.0,2050.6,1743.5,34935.5,12,3903748,8/3rrpk1/1R4p1/p6p/2Bp4/1Pb3PP/2P3K1/5R2 b - - 2 46
75,47,w,37303.7,2078.7,1269.9,36033.8,12,2949218,8/3r1pk1/1R4p1/p6p/2Bp4/1Pb3PP/2P3K1/4rR2 w - - 3 47
76,47,b,35435.5,1994.6,1696.4,33739.1,14,4020480,8/3r1pk1/1R4p1/p6p/2Bp4/1Pb3PP/2P3K1/4R3 b - - 0 47
77,48,w,36533.8,2044.0,1738.2,34795.6,14,4219140,8/3r1pk1/1R4p1/p6p/2Bp4/1P4PP/2P3K1/4b3 w - - 0 48
78,48,b,34239.1,1940.8,1251.8,32987.3,14,3068743,8/3r1pk1/6p1/pR5p/2Bp4/1P4PP/2P3K1/4b3 b - - 1 48
79,49,w,35295.6,1988.3,1690.6,33604.9,14,4008718,8/4rpk1/6p1/pR5p/2Bp4/1P4PP/2P3K1/4b3 w - - 2 49
80,49,b,33487.3,1906.9,1621.8,31865.6,14,3874816,8/4rpk1/6p1/pR5p/2Bp2P1/1P5P/2P3K1/4b3 b - - 0 49
81,50,w,34104.9,1934.7,1221.2,32883.8,14,2924872,8/4rpk1/6p1/pR6/2Bp2Pp/1P5P/2P3K1/4b3 w - - 0 50
82,50,b,32365.6,1856.4,1578.5,30787.0,14,3712512,8/4rpk1/6p1/p2R4/2Bp2Pp/1P5P/2P3K1/4b3 b - - 1 50
83,51,w,33383.8,1902.3,1617.7,31766.0,15,3890452,8/4rpk1/6p1/p2R4/2Bp2Pp/1Pb4P/2P3K1/8 w - - 2 51
84,51,b,31287.0,1807.9,1537.4,29749.6,15,3607296,8/4rpk1/6p1/pR6/2Bp2Pp/1Pb4P/2P3K1/8 b - - 3 51
85,52,w,32266.0,1852.0,1223.2,31042.8,16,2905449,8/4rpk1/6p1/pR6/2Bp2Pp/1P5P/2P3K1/4b3 w - - 4 52
86,52,b,30249.6,1761.2,1497.6,28752.0,15,3656966,8/4rpk1/6p1/p2R4/2Bp2Pp/1P5P/2P3K1/4b3 b - - 5 52
87,53,w,31542.8,1819.4,1238.2,30304.6,15,3001544,8/5pk1/6p1/p2R4/2Bpr1Pp/1P5P/2P3K1/4b3 w - - 6 53
88,53,b,29252.0,1716.3,1012.0,28240.1,14,2324076,8/5pk1/6p1/p2R4/2Bpr1Pp/1P3K1P/2P5/4b3 b - - 7 53
89,54,w,30804.6,1786.2,1405.8,29398.8,16,3322532,8/5pk1/6p1/p2R4/2Bp2Pp/1P2rK1P/2P5/4b3 w - - 8 54
90,54,b,28740.1,1693.3,882.0,27858.0,14,2082867,8/5pk1/6p1/p2R4/2Bp2Pp/1P2r2P/2P3K1/4b3 b - - 9 54
91,55,w,29898.8,1745.4,1484.5,28414.3,16,3557897,8/5pk1/6p1/p2R4/2Bp2Pp/1Pb1r2P/2P3K1/8 w - - 10 55
92,55,b,28358.0,1676.1,1425.2,26932.8,15,3353856,8/3R1pk1/6p1/p7/2Bp2Pp/1Pb1r2P/2P3K1/8 b - - 11 55
93,56,w,28914.3,1701.1,1446.6,27467.7,17,3537920,8/3R1pk1/6p1/p7/2Bp2Pp/1Pb3rP/2P3K1/8 w - - 12 56
94,56,b,27432.8,1634.5,1389.8,26043.0,16,3207691,8/3R1pk1/6p1/p7/2Bp2Pp/1Pb3rP/2P4K/8 b - - 13 56
95,57,w,27967.7,1658.5,1237.6,26730.1,15,2931604,8/3R1pk1/6p1/p7/2Bp2Pp/1Pb2r1P/2P4K/8 w - - 14 57
96,57,b,26543.0,1594.4,1356.0,25187.0,16,3141643,8/3R1pk1/6p1/p7/2Bp2Pp/1Pb2r1P/2P3K1/8 b - - 15 57
97,58,w,27230.1,1625.4,1382.3,25847.8,15,3149056,8/3R1pk1/6p1/p7/2Bp1rPp/1Pb4P/2P3K1/8 w - - 16 58
98,58,b,25687.0,1555.9,934.8,24752.2,15,2183549,8/3R1pk1/6p1/p7/3p1rPp/1PbB3P/2P3K1/8 b - - 17 58
99,59,w,26347.8,1585.7,1348.5,24999.4,15,3181836,8/3R1pk1/6p1/p7/3p1rPp/1P1B3P/2Pb2K1/8 w - - 18 59
100,59,b,25252.2,1536.3,1018.6,24233.6,14,2357308,8/3R1pk1/6p1/p7/3p1rPp/1P5P/2PbB1K1/8 b - - 19 59
101,60,w,25499.4,1547.5,1271.9,24227.4,14,3022988,8/3R1p2/6pk/p7/3p1rPp/1P5P/2PbB1K1/8 w - - 20 60
102,60,b,24733.6,1513.0,1286.7,23446.8,14,3119872,8/3R1p2/6pk/p7/3p1rPp/1P3B1P/2Pb2K1/8 b - - 21 60
103,61,w,24727.4,1512.7,940.4,23787.0,14,2217884,8/3R4/6pk/p4p2/3p1rPp/1P3B1P/2Pb2K1/8 w - - 0 61
104,61,b,23946.8,1477.6,1056.7,22890.2,14,2486309,8/8/3R2pk/p4p2/3p1rPp/1P3B1P/2Pb2K1/8 b - - 1 61
105,62,w,24287.0,1492.9,1269.6,23017.4,14,2930432,8/8/3R2pk/p4p2/1b1p1rPp/1P3B1P/2P3K1/8 w - - 2 62
106,62,b,23390.2,1452.6,920.3,22469.8,13,2093888,8/8/1R4pk/p4p2/1b1p1rPp/1P3B1P/2P3K1/8 b - - 3 62
107,63,w,23517.4,1458.3,990.0,22527.5,14,2316940,8/8/1R4pk/p4p2/3p1rPp/1Pb2B1P/2P3K1/8 w - - 4 63
108,63,b,22969.8,1433.6,1219.1,21750.7,15,2847744,8/8/2R3pk/p4p2/3p1rPp/1Pb2B1P/2P3K1/8 b - - 5 63
109,64,w,23027.5,1436.2,1221.3,21806.1,15,2843139,8/8/2R3p1/p4pk1/3p1rPp/1Pb2B1P/2P3K1/8 w - - 6 64
110,64,b,22250.7,1401.3,774.9,21475.8,14,1784988,8/8/2R3p1/p4Pk1/3p1r1p/1Pb2B1P/2P3K1/8 b - - 0 64
111,65,w,22306.1,1403.8,768.4,21537.7,14,1743462,8/8/2R3p1/p4rk1/3p3p/1Pb2B1P/2P3K1/8 w - - 0 65
112,65,b,21975.8,1388.9,714.9,21260.8,14,1686794,8/8/2R3p1/p4rk1/3pB2p/1Pb4P/2P3K1/8 b - - 1 65
113,66,w,22037.7,1391.7,1183.4,20854.3,15,2828295,8/8/2R2rp1/p5k1/3pB2p/1Pb4P/2P3K1/8 w - - 2 66
114,66,b,21760.8,1379.2,1172.8,20588.0,14,2706176,2R5/8/5rp1/p5k1/3pB2p/1Pb4P/2P3K1/8 b - - 3 66
115,67,w,21354.3,1360.9,1157.3,20197.0,14,2784773,2R5/8/4r1p1/p5k1/3pB2p/1Pb4P/2P3K1/8 w - - 4 67
116,67,b,21088.0,1349.0,842.2,20245.8,15,1957614,2R5/8/4r1p1/p5k1/3pB2p/1Pb2K1P/2P5/8 b - - 5 67
117,68,w,20697.0,1331.4,1132.2,19564.7,17,2623744,2R5/8/5rp1/p5k1/3pB2p/1Pb2K1P/2P5/8 w - - 6 68
118,68,b,20745.8,1333.6,1134.0,19611.8,14,2691840,2R5/8/5rp1/p5k1/3pB2p/1Pb4P/2P3K1/8 b - - 7 68
119,69,w,20064.7,1302.9,1108.3,18956.5,14,2571520,2R5/8/5rp1/p5k1/3pB2p/1P5P/2P3K1/4b3 w - - 8 69
120,69,b,20111.8,1305.0,921.4,19190.5,14,2158071,4R3/8/5rp1/p5k1/3pB2p/1P5P/2P3K1/4b3 b - - 9 69
121,70,w,19456.5,1275.5,844.3,18612.2,14,2002096,4R3/8/5rp1/p5k1/3pB2p/1P4bP/2P3K1/8 w - - 10 70
122,70,b,19690.5,1286.1,678.5,19012.0,13,1517746,3R4/8/5rp1/p5k1/3pB2p/1P4bP/2P3K1/8 b - - 11 70
123,71,w,19112.2,1260.0,978.7,18133.5,15,2310932,3R4/8/3r2p1/p5k1/3pB2p/1P4bP/2P3K1/8 w - - 12 71
124,71,b,19512.0,1278.0,1086.8,18425.2,15,2586117,R7/8/3r2p1/p5k1/3pB2p/1P4bP/2P3K1/8 b - - 13 71
125,72,w,18633.5,1238.5,735.1,17898.4,14,1724597,R7/8/3r2p1/p5k1/3pB2p/1P5P/2P3K1/4b3 w - - 14 72
126,72,b,18925.2,1251.6,1064.4,17860.8,14,2503685,4R3/8/3r2p1/p5k1/3pB2p/1P5P/2P3K1/4b3 b - - 15 72
127,73,w,18398.4,1227.9,1044.4,17354.0,14,2419974,4R3/8/3r2p1/p5k1/3pB2p/1Pb4P/2P3K1/8 w - - 16 73
128,73,b,18360.8,1226.2,1043.1,17317.7,14,2438400,4R3/8/3r2p1/p5k1/3p3p/1PbB3P/2P3K1/8 b - - 17 73
129,74,w,17854.0,1203.4,956.7,16897.3,14,2273047,4R3/8/3r2p1/p5k1/3p3p/1P1B3P/2Pb2K1/8 w - - 18 74
130,74,b,17817.7,1201.8,673.4,17144.3,14,1521783,8/8/3r2p1/p5k1/3pR2p/1P1B3P/2Pb2K1/8 b - - 19 74
131,75,w,17397.3,1182.9,612.8,16784.5,14,1353832,8/8/3r2p1/p5k1/3pRb1p/1P1B3P/2P3K1/8 w - - 20 75
132,75,b,17644.3,1194.0,1015.3,16628.9,15,2421504,4R3/8/3r2p1/p5k1/3p1b1p/1P1B3P/2P3K1/8 b - - 21 75
133,76,w,17284.5,1177.8,666.9,16617.6,15,1585530,4R3/8/3r2p1/p5k1/3p3p/1P1B3P/2Pb2K1/8 w - - 22 76
134,76,b,17128.9,1170.8,995.8,16133.2,16,2344457,8/8/3r2p1/p5k1/3pR2p/1P1B3P/2Pb2K1/8 b - - 23 76
135,77,w,17117.6,1170.3,995.5,16122.1,15,2294543,8/8/3r2p1/p5k1/3pRb1p/1P1B3P/2P3K1/8 w - - 24 77
136,77,b,16633.2,1148.5,976.7,15656.5,15,2358788,4R3/8/3r2p1/p5k1/3p1b1p/1P1B3P/2P3K1/8 b - - 25 77
137,78,w,16622.1,1148.0,976.5,15645.7,13,2288384,4R3/8/3r1kp1/p7/3p1b1p/1P1B3P/2P3K1/8 w - - 26 78
138,78,b,16156.5,1127.0,958.5,15198.0,15,2209029,5R2/8/3r1kp1/p7/3p1b1p/1P1B3P/2P3K1/8 b - - 27 78
139,79,w,16145.7,1126.6,958.1,15187.6,13,2207744,5R2/8/3r2p1/p3k3/3p1b1p/1P1B3P/2P3K1/8 w - - 28 79
140,79,b,15698.0,1106.4,922.9,14775.1,13,2138467,5R2/8/3r2p1/p3k3/3p1b1p/1P1B1K1P/2P5/8 b - - 29 79
141,80,w,15687.6,1105.9,590.6,15097.0,13,1366696,5R2/8/3r2p1/p3k3/3p3p/1P1B1K1P/2Pb4/8 w - - 30 80
142,80,b,15275.1,1087.4,820.4,14454.6,13,1899396,5R2/8/3r2p1/p3k3/3p2Kp/1P1B3P/2Pb4/8 b - - 31 80
143,81,w,15597.0,1101.9,937.4,14659.6,13,2164224,5R2/8/3r4/p3k1p1/3p2Kp/1P1B3P/2Pb4/8 w - - 0 81
144,81,b,14954.6,1073.0,912.9,14041.7,13,2051328,5R2/8/3r4/p3k1p1/2Bp2Kp/1P5P/2Pb4/8 b - - 1 81
145,82,w,15159.6,1082.2,920.3,14239.3,13,2168064,5R2/3r4/8/p3k1p1/2Bp2Kp/1P5P/2Pb4/8 w - - 2 82
146,82,b,14541.7,1054.4,896.8,13644.9,14,2080261,8/3r4/8/p3kRp1/2Bp2Kp/1P5P/2Pb4/8 b - - 3 82
147,83,w,14739.3,1063.3,904.3,13835.0,12,2097158,8/3r4/3k4/p4Rp1/2Bp2Kp/1P5P/2Pb4/8 w - - 4 83
148,83,b,14144.9,1036.5,829.9,13315.0,12,1951453,8/3r4/3k4/p4Rp1/2Bp3p/1P3K1P/2Pb4/8 b - - 5 83
149,84,w,14335.0,1045.1,888.9,13446.1,12,2073092,8/4r3/3k4/p4Rp1/2Bp3p/1P3K1P/2Pb4/8 w - - 6 84
150,84,b,13815.0,1021.7,869.0,12946.0,13,2065169,8/4r3/3k4/p2R2p1/2Bp3p/1P3K1P/2Pb4/8 b - - 7 84
151,85,w,13946.1,1027.6,874.0,13072.1,13,1994758,8/4r3/2k5/p2R2p1/2Bp3p/1P3K1P/2Pb4/8 w - - 8 85
152,85,b,13446.0,1005.1,854.9,12591.1,13,2020096,8/4r3/2k5/p5p1/2BR3p/1P3K1P/2Pb4/8 b - - 0 85
153,86,w,13572.1,1010.7,859.9,12712.2,14,1925888,8/8/2k5/p5p1/2BR3p/1P2rK1P/2Pb4/8 w - - 1 86
154,86,b,13091.1,989.1,841.3,12249.8,14,1975552,8/8/2k5/p5p1/2BR3p/1P2r2P/2Pb1K2/8 b - - 2 86
155,87,w,13212.2,994.6,846.0,12366.2,13,2014211,8/8/2k5/p5p1/2BR3p/1P5r/2Pb1K2/8 w - - 0 87
156,87,b,12749.8,973.7,597.0,12152.8,14,1346373,8/8/2k5/p2B2p1/3R3p/1P5r/2Pb1K2/8 b - - 1 87
157,88,w,12866.2,979.0,832.7,12033.5,14,1942528,8/8/8/p1kB2p1/3R3p/1P5r/2Pb1K2/8 w - - 2 88
158,88,b,12652.8,969.4,548.9,12104.0,14,1209938,8/8/8/p1kB2p1/7p/1P5r/2PR1K2/8 b - - 0 88
159,89,w,12533.5,964.0,820.1,11713.5,16,1958405,8/8/8/p1kB2p1/7p/1P6/2PR1K1r/8 w - - 1 89
160,89,b,12604.0,967.2,577.3,12026.7,15,1285741,8/8/8/p1k3p1/7p/1P6/2PR1KBr/8 b - - 2 89
161,90,w,12213.5,949.6,807.8,11405.7,15,1798408,8/8/8/p1k3p1/8/1P5p/2PR1KBr/8 w - - 0 90
162,90,b,12526.7,963.7,819.6,11707.0,18,1913353,8/8/8/p1k3p1/8/1P5p/2PR2Br/6K1 b - - 1 90
163,91,w,11905.7,935.8,658.6,11247.1,21,1654844,8/8/8/p1k3p1/8/1P5p/2PR2r1/6K1 w - - 0 91
164,91,b,12207.0,949.3,807.4,11399.7,22,1981959,8/8/8/p1k3p1/8/1P5p/2P3R1/6K1 b - - 0 91
165,92,w,11747.1,928.6,604.0,11143.2,22,1444164,8/8/8/p1k3p1/8/1P6/2P3p1/6K1 w - - 0 92
166,92,b,11899.7,935.5,526.1,11373.6,23,1250986,8/8/8/p1k3p1/8/1PP5/6p1/6K1 b - - 0 92
167,93,w,11643.2,923.9,786.0,10857.2,24,1852687,8/8/8/pk4p1/8/1PP5/6p1/6K1 w - - 1 93
168,93,b,11873.6,934.3,794.7,11078.9,24,1809938,8/8/8/pk4p1/8/1PP5/6K1/8 b - - 0 93
169,94,w,11357.2,911.1,775.0,10582.2,24,1806592,8/8/8/1k4p1/p7/1PP5/6K1/8 w - - 0 94
170,94,b,11578.9,921.1,493.5,11085.4,26,1234486,8/8/8/1k4p1/P7/2P5/6K1/8 b - - 0 94
171,95,w,11082.2,898.7,470.0,10612.1,27,1111570,8/8/8/6p1/k7/2P5/6K1/8 w - - 0 95
172,95,b,11585.4,921.3,532.5,11052.8,36,1280308,8/8/8/6p1/k7/2P3K1/8/8 b - - 1 95
173,96,w,11112.1,900.0,631.1,10481.0,33,1395704,8/8/8/6p1/8/k1P3K1/8/8 w - - 2 96
174,96,b,11552.8,919.9,475.3,11077.5,58,1452982,8/8/8/6p1/6K1/k1P5/8/8 b - - 3 96
175,97,w,10981.0,894.1,132.7,10848.4,64,356755,8/8/8/6p1/6K1/1kP5/8/8 w - - 4 97
176,97,b,11577.5,921.0,34.1,11543.4,64,62508,8/8/8/6K1/8/1kP5/8/8 b - - 0 97
177,98,w,11348.4,910.7,31.1,11317.3,64,63555,8/8/8/6K1/8/2k5/8/8 w - - 0 98
178,98,b,12043.4,942.0,22.0,12021.5,64,45140,8/8/5K2/8/8/2k5/8/8 b - - 1 98
179,99,w,11817.3,931.8,47.1,11770.2,64,107131,8/8/5K2/8/2k5/8/8/8 w - - 2 99
180,99,b,12521.5,963.5,32.6,12488.9,64,74160,8/8/8/5K2/2k5/8/8/8 b - - 3 99
181,100,w,12270.2,952.2,13.3,12256.9,64,21439,8/8/8/5K2/8/1k6/8/8 w - - 4 100
182,100,b,12988.9,984.5,8.6,12980.3,64,16152,8/8/5K2/8/8/1k6/8/8 b - - 5 100
183,101,w,12756.9,974.1,20.1,12736.8,64,35296,8/8/5K2/8/2k5/8/8/8 w - - 6 101
184,101,b,13480.3,1006.6,21.8,13458.5,64,38204,8/8/8/4K3/2k5/8/8/8 b - - 7 101
185,102,w,13236.8,995.7,77.5,13159.3,64,196422,8/8/8/4K3/8/3k4/8/8 w - - 8 102
186,102,b,13958.5,1028.1,24.9,13933.6,64,47104,8/8/8/3K4/8/3k4/8/8 b - - 9 102
187,103,w,13659.3,1014.7,89.3,13570.1,64,245602,8/8/8/3K4/8/8/4k3/8 w - - 10 103
188,103,b,14433.6,1049.5,12.0,14421.6,64,16588,8/8/8/8/4K3/8/4k3/8 b - - 11 103
189,104,w,14070.1,1033.2,12.7,14057.4,64,21860,8/8/8/8/4K3/8/5k2/8 w - - 12 104
190,104,b,14921.6,1071.5,8.2,14913.4,64,11828,8/8/8/8/5K2/8/5k2/8 b - - 13 104
191,105,w,14557.4,1055.1,15.0,14542.3,64,34838,8/8/8/8/5K2/8/6k1/8 w - - 14 105
192,105,b,15413.4,1093.6,4.2,15409.2,64,3037,8/8/8/8/4K3/8/6k1/8 b - - 15 105
193,106,w,15042.3,1076.9,3.1,15039.3,64,2674,8/8/8/8/4K3/8/5k2/8 w - - 16 106
194,106,b,15909.2,1115.9,1.6,15907.6,64,324,8/8/8/8/5K2/8/5k2/8 b - - 17 106
195,107,w,15539.3,1099.3,1.8,15537.5,64,454,8/8/8/8/5K2/8/6k1/8 w - - 18 107
196,107,b,16407.6,1138.3,2.8,16404.8,64,2034,8/8/8/8/4K3/8/6k1/8 b - - 19 107
197,108,w,16037.5,1121.7,1.9,16035.5,64,386,8/8/8/8/4K3/8/5k2/8 w - - 20 108
198,108,b,16904.8,1160.7,1.8,16903.0,64,324,8/8/8/8/5K2/8/5k2/8 b - - 21 108
199,109,w,16535.5,1144.1,1.8,16533.7,64,454,8/8/8/8/5K2/8/6k1/8 w - - 22 109
200,109,b,17403.0,1183.1,2.0,17401.1,64,451,8/8/8/8/4K3/8/6k1/8 b - - 23 109
201,110,w,17033.7,1166.5,1.9,17031.8,64,386,8/8/8/8/4K3/8/5k2/8 w - - 24 110
202,110,b,17901.1,1205.5,1.6,17899.4,64,324,8/8/8/8/5K2/8/5k2/8 b - - 25 110
203,111,w,17531.8,1188.9,1.9,17530.0,64,454,8/8/8/8/5K2/8/6k1/8 w - - 26 111
204,111,b,18399.4,1228.0,2.0,18397.4,64,451,8/8/8/8/4K3/8/6k1/8 b - - 27 111
205,112,w,18030.0,1211.3,1.8,18028.2,64,386,8/8/8/8/4K3/8/5k2/8 w - - 28 112
206,112,b,18897.4,1250.4,1.6,18895.8,64,324,8/8/8/8/5K2/8/5k2/8 b - - 29 112
207,113,w,18528.2,1233.8,1.8,18526.3,64,454,8/8/8/8/5K2/8/6k1/8 w - - 30 113
208,113,b,19395.8,1272.8,2.0,19393.9,64,451,8/8/8/8/4K3/8/6k1/8 b - - 31 113
209,114,w,19026.3,1256.2,1.9,19024.5,64,386,8/8/8/8/4K3/8/5k2/8 w - - 32 114
210,114,b,19893.9,1295.2,1.6,19892.3,64,324,8/8/8/8/5K2/8/5k2/8 b - - 33 114
211,115,w,19524.5,1278.6,1.9,19522.6,64,454,8/8/8/8/5K2/8/6k1/8 w - - 34 115
212,115,b,20392.3,1317.7,2.1,20390.2,64,451,8/8/8/8/4K3/8/6k1/8 b - - 35 115
213,116,w,20022.6,1301.0,1.8,20020.7,64,386,8/8/8/8/4K3/8/5k2/8 w - - 36 116
214,116,b,20890.2,1340.1,1.6,20888.7,64,324,8/8/8/8/5K2/8/5k2/8 b - - 37 116
215,117,w,20520.7,1323.4,1.9,20518.8,64,454,8/8/8/8/5K2/8/6k1/8 w - - 38 117
216,117,b,21388.7,1362.5,2.1,21386.6,64,451,8/8/8/8/4K3/8/6k1/8 b - - 39 117
217,118,w,21018.8,1345.8,1.8,21017.0,64,386,8/8/8/8/4K3/8/5k2/8 w - - 40 118
218,118,b,21886.6,1384.9,1.6,21884.9,64,324,8/8/8/8/5K2/8/5k2/8 b - - 41 118
219,119,w,21517.0,1368.3,1.8,21515.2,64,454,8/8/8/8/5K2/8/6k1/8 w - - 42 119
220,119,b,22384.9,1407.3,2.0,22383.0,64,451,8/8/8/8/4K3/8/6k1/8 b - - 43 119
221,120,w,22015.2,1390.7,1.8,22013.4,64,386,8/8/8/8/4K3/8/5k2/8 w - - 44 120
222,120,b,22883.0,1429.7,1.6,22881.4,64,324,8/8/8/8/5K2/8/5k2/8 b - - 45 120
223,121,w,22513.4,1413.1,1.8,22511.6,64,454,8/8/8/8/5K2/8/6k1/8 w - - 46 121
224,121,b,23381.4,1452.2,2.1,23379.3,64,451,8/8/8/8/4K3/8/6k1/8 b - - 47 121
225,122,w,23011.6,1435.5,2.0,23009.6,64,386,8/8/8/8/4K3/8/5k2/8 w - - 48 122
226,122,b,23879.3,1474.6,1.7,23877.6,64,324,8/8/8/8/5K2/8/5k2/8 b - - 49 122
227,123,w,23509.6,1457.9,1.8,23507.7,64,454,8/8/8/8/5K2/8/6k1/8 w - - 50 123
228,123,b,24377.6,1497.0,2.0,24375.6,64,451,8/8/8/8/4K3/8/6k1/8 b - - 51 123
229,124,w,24007.7,1480.3,1.8,24005.9,64,386,8/8/8/8/4K3/8/5k2/8 w - - 52 124
230,124,b,24875.6,1519.4,1.6,24873.9,64,324,8/8/8/8/5K2/8/5k2/8 b - - 53 124
231,125,w,24505.9,1502.8,1.9,24503.9,64,454,8/8/8/8/5K2/8/6k1/8 w - - 54 125
232,125,b,25373.9,1541.8,2.1,25371.8,64,451,8/8/8/8/4K3/8/6k1/8 b - - 55 125
233,126,w,25003.9,1525.2,1.8,25002.2,64,386,8/8/8/8/4K3/8/5k2/8 w - - 56 126
234,126,b,25871.8,1564.2,1.6,25870.2,64,324,8/8/8/8/5K2/8/5k2/8 b - - 57 126
235,127,w,25502.2,1547.6,1.8,25500.4,64,454,8/8/8/8/5K2/8/6k1/8 w - - 58 127
236,127,b,26370.2,1586.7,2.0,26368.2,64,451,8/8/8/8/4K3/8/6k1/8 b - - 59 127
237,128,w,26000.4,1570.0,1.9,25998.5,64,386,8/8/8/8/4K3/8/5k2/8 w - - 60 128
238,128,b,26868.2,1609.1,1.6,26866.6,64,324,8/8/8/8/5K2/8/5k2/8 b - - 61 128
239,129,w,26498.5,1592.4,1.8,26496.7,64,454,8/8/8/8/5K2/8/6k1/8 w - - 62 129
240,129,b,27366.6,1631.5,2.0,27364.7,64,451,8/8/8/8/4K3/8/6k1/8 b - - 63 129
241,130,w,26996.7,1614.9,1.8,26994.9,64,386,8/8/8/8/4K3/8/5k2/8 w - - 64 130
242,130,b,27864.7,1653.9,1.6,27863.1,64,324,8/8/8/8/5K2/8/5k2/8 b - - 65 130
243,131,w,27494.9,1637.3,1.9,27493.0,64,454,8/8/8/8/5K2/8/6k1/8 w - - 66 131
244,131,b,28363.1,1676.3,2.2,28360.9,64,451,8/8/8/8/4K3/8/6k1/8 b - - 67 131
245,132,w,27993.0,1659.7,2.0,27991.0,64,386,8/8/8/8/4K3/8/5k2/8 w - - 68 132
246,132,b,28860.9,1698.7,1.6,28859.3,64,324,8/8/8/8/5K2/8/5k2/8 b - - 69 132
247,133,w,28491.0,1682.1,1.8,28489.2,64,454,8/8/8/8/5K2/8/6k1/8 w - - 70 133
248,133,b,29359.3,1721.2,2.0,29357.4,64,451,8/8/8/8/4K3/8/6k1/8 b - - 71 133
249,134,w,28989.2,1704.5,1.9,28987.3,64,386,8/8/8/8/4K3/8/5k2/8 w - - 72 134
250,134,b,29857.4,1743.6,1.7,29855.7,64,324,8/8/8/8/5K2/8/5k2/8 b - - 73 134
251,135,w,29487.3,1726.9,1.9,29485.4,64,454,8/8/8/8/5K2/8/6k1/8 w - - 74 135
252,135,b,30355.7,1766.0,2.0,30353.7,64,451,8/8/8/8/4K3/8/6k1/8 b - - 75 135
253,136,w,29985.4,1749.3,1.8,29983.6,64,386,8/8/8/8/4K3/8/5k2/8 w - - 76 136
254,136,b,30853.7,1788.4,1.7,30852.0,64,324,8/8/8/8/5K2/8/5k2/8 b - - 77 136
255,137,w,30483.6,1771.8,1.8,30481.8,64,454,8/8/8/8/5K2/8/6k1/8 w - - 78 137
256,137,b,31352.0,1810.8,2.0,31350.0,64,451,8/8/8/8/4K3/8/6k1/8 b - - 79 137
257,138,w,30981.8,1794.2,1.9,30979.9,64,386,8/8/8/8/4K3/8/5k2/8 w - - 80 138
258,138,b,31850.0,1833.2,1.5,31848.4,64,324,8/8/8/8/5K2/8/5k2/8 b - - 81 138
259,139,w,31479.9,1816.6,1.9,31478.0,64,454,8/8/8/8/5K2/8/6k1/8 w - - 82 139
260,139,b,32348.4,1855.7,2.0,32346.4,64,451,8/8/8/8/4K3/8/6k1/8 b - - 83 139
261,140,w,31978.0,1839.0,1.8,31976.2,64,386,8/8/8/8/4K3/8/5k2/8 w - - 84 140
262,140,b,32846.4,1878.1,1.6,32844.8,64,324,8/8/8/8/5K2/8/5k2/8 b - - 85 140
263,141,w,32476.2,1861.4,1.9,32474.4,64,454,8/8/8/8/5K2/8/6k1/8 w - - 86 141
264,141,b,33344.8,1900.5,2.0,33342.9,64,451,8/8/8/8/4K3/8/6k1/8 b - - 87 141
265,142,w,32974.4,1883.8,1.9,32972.5,64,386,8/8/8/8/4K3/8/5k2/8 w - - 88 142
266,142,b,33842.9,1922.9,1.6,33841.3,64,324,8/8/8/8/5K2/8/5k2/8 b - - 89 142
267,143,w,33472.5,1906.3,1.8,33470.6,64,454,8/8/8/8/5K2/8/6k1/8 w - - 90 143
268,143,b,34341.3,1945.4,2.0,34339.3,64,451,8/8/8/8/4K3/8/6k1/8 b - - 91 143
269,144,w,33970.6,1928.7,1.8,33968.8,64,386,8/8/8/8/4K3/8/5k2/8 w - - 92 144
270,144,b,34839.3,1967.8,1.7,34837.6,64,324,8/8/8/8/5K2/8/5k2/8 b - - 93 144
271,145,w,34468.8,1951.1,1.9,34467.0,64,454,8/8/8/8/5K2/8/6k1/8 w - - 94 145
272,145,b,35337.6,1990.2,2.0,35335.5,64,451,8/8/8/8/4K3/8/6k1/8 b - - 95 145
273,146,w,34967.0,1973.5,1.8,34965.2,64,386,8/8/8/8/4K3/8/5k2/8 w - - 96 146
274,146,b,35835.5,2012.6,1.9,35833.6,64,324,8/8/8/8/5K2/8/5k2/8 b - - 97 146
275,147,w,35465.2,1995.9,1.9,35463.3,64,763,8/8/8/8/5K2/8/6k1/8 w - - 98 147
276,147,b,36333.6,2035.0,1.8,36331.8,64,384,8/8/8/8/8/4K3/6k1/8 b - - 99 147
277,148,w,35963.3,2018.3,1.9,35961.4,64,384,8/8/8/8/8/4K3/8/5k2 w - - 100 148
278,148,b,36831.8,2057.4,1.2,36830.6,64,192,8/8/8/8/8/8/3K4/5k2 b - - 101 148
279,149,w,36461.4,2040.8,2.3,36459.2,64,512,8/8/8/8/8/8/3K4/6k1 w - - 102 149
280,149,b,37330.6,2079.9,1.6,37329.0,64,320,8/8/8/8/8/8/8/2K3k1 b - - 103 149
281,150,w,36959.2,2063.2,1.6,36957.5,64,320,8/8/8/8/8/8/8/2K2k2 w - - 104 150
282,150,b,37829.0,2102.3,1.6,37827.3,64,320,8/8/8/8/8/8/8/1K3k2 b - - 105 150
283,151,w,37457.5,2085.6,1.8,37455.7,64,320,8/8/8/8/8/8/8/1K2k3 w - - 106 151
284,151,b,38327.3,2124.7,1.8,38325.5,64,320,8/8/8/8/8/8/8/K3k3 b - - 107 151
285,152,w,37955.7,2108.0,1.2,37954.5,64,192,8/8/8/8/8/8/8/K2k4 w - - 108 152
286,152,b,38825.5,2147.1,1.1,38824.4,64,192,8/8/8/8/8/8/8/1K1k4 b - - 109 152
287,153,w,38454.5,2130.5,1.6,38452.9,64,320,8/8/8/8/8/8/8/1K2k3 w - - 110 153
288,153,b,39324.4,2169.6,1.7,39322.8,64,320,8/8/8/8/8/8/8/K3k3 b - - 111 153
289,154,w,38952.9,2152.9,1.2,38951.7,64,192,8/8/8/8/8/8/8/K2k4 w - - 112 154
290,154,b,39822.8,2192.0,1.3,39821.4,64,192,8/8/8/8/8/8/8/1K1k4 b - - 113 154
291,155,w,39451.7,2175.3,1.6,39450.0,64,320,8/8/8/8/8/8/8/1K2k3 w - - 114 155
292,155,b,40321.4,2214.5,1.6,40319.8,64,320,8/8/8/8/8/8/8/K3k3 b - - 115 155
293,156,w,39950.0,2197.8,1.2,39948.8,64,192,8/8/8/8/8/8/8/K2k4 w - - 116 156
294,156,b,40819.8,2236.9,1.1,40818.7,64,192,8/8/8/8/8/8/8/1K1k4 b - - 117 156
295,157,w,40448.8,2220.2,1.6,40447.2,64,320,8/8/8/8/8/8/8/1K2k3 w - - 118 157
296,157,b,41318.7,2259.3,1.7,41317.0,64,320,8/8/8/8/8/8/8/K3k3 b - - 119 157
297,158,w,40947.2,2242.6,1.3,40945.9,64,192,8/8/8/8/8/8/8/K2k4 w - - 120 158
298,158,b,41817.0,2281.8,1.2,41815.9,64,192,8/8/8/8/8/8/8/1K1k4 b - - 121 158
299,159,w,41445.9,2265.1,1.6,41444.3,64,320,8/8/8/8/8/8/8/1K2k3 w - - 122 159
300,159,b,42315.9,2304.2,1.7,42314.2,64,320,8/8/8/8/8/8/8/K3k3 b - - 123 159
301,160,w,41944.3,2287.5,1.2,41943.2,64,192,8/8/8/8/8/8/8/K2k4 w - - 124 160
302,160,b,42814.2,2326.6,1.1,42813.0,64,192,8/8/8/8/8/8/8/1K1k4 b - - 125 160
303,161,w,42443.2,2309.9,1.7,42441.5,64,320,8/8/8/8/8/8/8/1K2k3 w - - 126 161
304,161,b,43313.0,2349.1,1.7,43311.3,64,320,8/8/8/8/8/8/8/K3k3 b - - 127 161
305,162,w,42941.5,2332.4,1.2,42940.3,64,192,8/8/8/8/8/8/8/K2k4 w - - 128 162
306,162,b,43811.3,2371.5,1.2,43810.1,64,192,8/8/8/8/8/8/8/1K1k4 b - - 129 162
307,163,w,43440.3,2354.8,1.6,43438.7,64,320,8/8/8/8/8/8/8/1K2k3 w - - 130 163
308,163,b,44310.1,2394.0,1.6,44308.5,64,320,8/8/8/8/8/8/8/K3k3 b - - 131 163
309,164,w,43938.7,2377.2,1.3,43937.4,64,192,8/8/8/8/8/8/8/K2k4 w - - 132 164
310,164,b,44808.5,2416.4,1.2,44807.3,64,192,8/8/8/8/8/8/8/1K1k4 b - - 133 164
311,165,w,44437.4,2399.7,1.7,44435.7,64,320,8/8/8/8/8/8/8/1K2k3 w - - 134 165
312,165,b,45307.3,2438.8,1.6,45305.7,64,320,8/8/8/8/8/8/8/K3k3 b - - 135 165
313,166,w,44935.7,2422.1,1.2,44934.5,64,192,8/8/8/8/8/8/8/K2k4 w - - 136 166
314,166,b,45805.7,2461.3,1.2,45804.5,64,192,8/8/8/8/8/8/8/1K1k4 b - - 137 166
315,167,w,45434.5,2444.6,1.6,45432.9,64,320,8/8/8/8/8/8/8/1K2k3 w - - 138 167
316,167,b,46304.5,2483.7,1.6,46303.0,64,320,8/8/8/8/8/8/8/K3k3 b - - 139 167
317,168,w,45932.9,2467.0,1.3,45931.6,64,192,8/8/8/8/8/8/8/K2k4 w - - 140 168
318,168,b,46803.0,2506.1,1.2,46801.7,64,192,8/8/8/8/8/8/8/1K1k4 b - - 141 168
319,169,w,46431.6,2489.4,1.6,46430.0,64,320,8/8/8/8/8/8/8/1K2k3 w - - 142 169
320,169,b,47301.7,2528.6,1.6,47300.1,64,320,8/8/8/8/8/8/8/K3k3 b - - 143 169
321,170,w,46930.0,2511.8,1.2,46928.8,64,192,8/8/8/8/8/8/8/K2k4 w - - 144 170
322,170,b,47800.1,2551.0,1.1,47799.0,64,192,8/8/8/8/8/8/8/1K1k4 b - - 145 170
323,171,w,47428.8,2534.3,1.7,47427.2,64,320,8/8/8/8/8/8/8/1K2k3 w - - 146 171
324,171,b,48299.0,2573.5,1.8,48297.3,64,320,8/8/8/8/8/8/8/K3k3 b - - 147 171
325,172,w,47927.2,2556.7,1.2,47926.0,64,192,8/8/8/8/8/8/8/K2k4 w - - 148 172
326,172,b,48797.3,2595.9,1.1,48796.1,64,192,8/8/8/8/8/8/8/1K1k4 b - - 149 172
327,173,w,48426.0,2579.2,1.6,48424.4,64,320,8/8/8/8/8/8/8/1K2k3 w - - 150 173
328,173,b,49296.1,2618.3,1.6,49294.6,64,320,8/8/8/8/8/8/8/K3k3 b - - 151 173
329,174,w,48924.4,2601.6,1.3,48923.1,64,192,8/8/8/8/8/8/8/K2k4 w - - 152 174
330,174,b,49794.6,2640.8,1.1,49793.4,64,192,8/8/8/8/8/8/8/1K1k4 b - - 153 174
331,175,w,49423.1,2624.0,1.6,49421.5,64,320,8/8/8/8/8/8/8/1K2k3 w - - 154 175
332,175,b,50293.4,2663.2,1.6,50291.8,64,320,8/8/8/8/8/8/8/K3k3 b - - 155 175
333,176,w,49921.5,2646.5,1.2,49920.3,64,192,8/8/8/8/8/8/8/K2k4 w - - 156 176
334,176,b,50791.8,2685.6,1.1,50790.7,64,192,8/8/8/8/8/8/8/1K1k4 b - - 157 176
335,177,w,50420.3,2668.9,1.7,50418.6,64,320,8/8/8/8/8/8/8/1K2k3 w - - 158 177
336,177,b,51290.7,2708.1,1.6,51289.1,64,320,8/8/8/8/8/8/8/K3k3 b - - 159 177
337,178,w,50918.6,2691.3,1.3,50917.4,64,192,8/8/8/8/8/8/8/K2k4 w - - 160 178
338,178,b,51789.1,2730.5,1.2,51787.9,64,192,8/8/8/8/8/8/8/1K1k4 b - - 161 178
339,179,w,51417.4,2713.8,1.6,51415.8,64,320,8/8/8/8/8/8/8/1K2k3 w - - 162 179
340,179,b,52287.9,2753.0,1.7,52286.2,64,320,8/8/8/8/8/8/8/K3k3 b - - 163 179
341,180,w,51915.8,2736.2,1.2,51914.6,64,192,8/8/8/8/8/8/8/K2k4 w - - 164 180
342,180,b,52786.2,2775.4,1.2,52785.0,64,192,8/8/8/8/8/8/8/1K1k4 b - - 165 180
343,181,w,52414.6,2758.7,1.6,52413.0,64,320,8/8/8/8/8/8/8/1K2k3 w - - 166 181
344,181,b,53285.0,2797.8,1.7,53283.3,64,320,8/8/8/8/8/8/8/K3k3 b - - 167 181
345,182,w,52913.0,2781.1,1.2,52911.8,64,192,8/8/8/8/8/8/8/K2k4 w - - 168 182
346,182,b,53783.3,2820.3,1.2,53782.1,64,192,8/8/8/8/8/8/8/1K1k4 b - - 169 182
347,183,w,53411.8,2803.5,1.6,53410.2,64,320,8/8/8/8/8/8/8/1K2k3 w - - 170 183
348,183,b,54282.1,2842.7,1.6,54280.5,64,320,8/8/8/8/8/8/8/K3k3 b - - 171 183
349,184,w,53910.2,2826.0,1.2,53909.0,64,192,8/8/8/8/8/8/8/K2k4 w - - 172 184
350,184,b,54780.5,2865.1,1.2,54779.3,64,192,8/8/8/8/8/8/8/1K1k4 b - - 173 184
351,185,w,54409.0,2848.4,1.7,54407.3,64,320,8/8/8/8/8/8/8/1K2k3 w - - 174 185
352,185,b,55279.3,2887.6,1.5,55277.8,64,320,8/8/8/8/8/8/8/K3k3 b - - 175 185
353,186,w,54907.3,2870.8,1.2,54906.2,64,192,8/8/8/8/8/8/8/K2k4 w - - 176 186
354,186,b,55777.8,2910.0,1.1,55776.7,64,192,8/8/8/8/8/8/8/1K1k4 b - - 177 186
355,187,w,55406.2,2893.3,1.6,55404.6,64,320,8/8/8/8/8/8/8/1K2k3 w - - 178 187
356,187,b,56276.7,2932.4,1.5,56275.1,64,320,8/8/8/8/8/8/8/K3k3 b - - 179 187
357,188,w,55904.6,2915.7,1.3,55903.3,64,192,8/8/8/8/8/8/8/K2k4 w - - 180 188
358,188,b,56775.1,2954.9,1.2,56773.9,64,192,8/8/8/8/8/8/8/1K1k4 b - - 181 188
359,189,w,56403.3,2938.2,1.8,56401.6,64,320,8/8/8/8/8/8/8/1K2k3 w - - 182 189
360,189,b,57273.9,2977.3,1.6,57272.4,64,320,8/8/8/8/8/8/8/K3k3 b - - 183 189
361,190,w,56901.6,2960.6,1.2,56900.3,64,192,8/8/8/8/8/8/8/K2k4 w - - 184 190
362,190,b,57772.4,2999.8,1.1,57771.3,64,192,8/8/8/8/8/8/8/1K1k4 b - - 185 190
363,191,w,57400.3,2983.0,1.6,57398.8,64,320,8/8/8/8/8/8/8/1K2k3 w - - 186 191
364,191,b,58271.3,3022.2,1.7,58269.6,64,320,8/8/8/8/8/8/8/K3k3 b - - 187 191
365,192,w,57898.8,3005.4,1.3,57897.5,64,192,8/8/8/8/8/8/8/K2k4 w - - 188 192
366,192,b,58769.6,3044.6,1.2,58768.4,64,192,8/8/8/8/8/8/8/1K1k4 b - - 189 192
367,193,w,58397.5,3027.9,1.7,58395.8,64,320,8/8/8/8/8/8/8/1K2k3 w - - 190 193
368,193,b,59268.4,3067.1,1.6,59266.8,64,320,8/8/8/8/8/8/8/K3k3 b - - 191 193
369,194,w,58895.8,3050.3,1.3,58894.5,64,192,8/8/8/8/8/8/8/K2k4 w - - 192 194
370,194,b,59766.8,3089.5,1.1,59765.7,64,192,8/8/8/8/8/8/8/1K1k4 b - - 193 194
371,195,w,59394.5,3072.8,1.6,59392.9,64,320,8/8/8/8/8/8/8/1K2k3 w - - 194 195
372,195,b,60265.7,3112.0,1.7,60264.0,64,320,8/8/8/8/8/8/8/K3k3 b - - 195 195
373,196,w,59892.9,3095.2,1.2,59891.7,64,192,8/8/8/8/8/8/8/K2k4 w - - 196 196
374,196,b,60764.0,3134.4,1.1,60762.8,64,192,8/8/8/8/8/8/8/1K1k4 b - - 197 196
375,197,w,60391.7,3117.6,1.6,60390.1,64,320,8/8/8/8/8/8/8/1K2k3 w - - 198 197
376,197,b,61262.8,3156.8,1.6,61261.3,64,320,8/8/8/8/8/8/8/K3k3 b - - 199 197
377,198,w,60890.1,3140.1,1.2,60888.9,64,192,8/8/8/8/8/8/8/K2k4 w - - 200 198
378,198,b,61761.3,3179.3,1.2,61760.1,64,192,8/8/8/8/8/8/8/1K1k4 b - - 201 198
379,199,w,61388.9,3162.5,1.5,61387.4,64,320,8/8/8/8/8/8/8/1K2k3 w - - 202 199
380,199,b,62260.1,3201.7,1.6,62258.5,64,320,8/8/8/8/8/8/8/K3k3 b - - 203 199
381,200,w,61887.4,3184.9,1.2,61886.2,64,192,8/8/8/8/8/8/8/K2k4 w - - 204 200
382,200,b,62758.5,3224.1,1.1,62757.4,64,192,8/8/8/8/8/8/8/1K1k4 b - - 205 200
383,201,w,62386.2,3207.4,1.6,62384.6,64,320,8/8/8/8/8/8/8/1K2k3 w - - 206 201
384,201,b,63257.4,3246.6,1.6,63255.8,64,320,8/8/8/8/8/8/8/K3k3 b - - 207 201
385,202,w,62884.6,3229.8,1.2,62883.4,64,192,8/8/8/8/8/8/8/K2k4 w - - 208 202
386,202,b,63755.8,3269.0,1.3,63754.6,64,192,8/8/8/8/8/8/8/1K1k4 b - - 209 202
387,203,w,63383.4,3252.3,1.6,63381.8,64,320,8/8/8/8/8/8/8/1K2k3 w - - 210 203
388,203,b,64254.6,3291.5,1.6,64253.0,64,320,8/8/8/8/8/8/8/K3k3 b - - 211 203
389,204,w,63881.8,3274.7,1.2,63880.6,64,192,8/8/8/8/8/8/8/K2k4 w - - 212 204
390,204,b,64753.0,3313.9,1.1,64751.9,64,192,8/8/8/8/8/8/8/1K1k4 b - - 213 204
391,205,w,64380.6,3297.1,1.8,64378.8,64,320,8/8/8/8/8/8/8/1K2k3 w - - 214 205
392,205,b,65251.9,3336.3,1.6,65250.3,64,320,8/8/8/8/8/8/8/K3k3 b - - 215 205
393,206,w,64878.8,3319.5,1.2,64877.6,64,192,8/8/8/8/8/8/8/K2k4 w - - 216 206
394,206,b,65750.3,3358.8,1.2,65749.1,64,192,8/8/8/8/8/8/8/1K1k4 b - - 217 206
395,207,w,65377.6,3342.0,1.6,65376.0,64,320,8/8/8/8/8/8/8/1K2k3 w - - 218 207
396,207,b,66249.1,3381.2,1.7,66247.5,64,320,8/8/8/8/8/8/8/K3k3 b - - 219 207
397,208,w,65876.0,3364.4,1.2,65874.7,64,192,8/8/8/8/8/8/8/K2k4 w - - 220 208
398,208,b,66747.5,3403.6,1.2,66746.3,64,192,8/8/8/8/8/8/8/1K1k4 b - - 221 208
399,209,w,66374.7,3386.9,1.6,66373.1,64,320,8/8/8/8/8/8/8/1K2k3 w - - 222 209
400,209,b,67246.3,3426.1,1.6,67244.7,64,320,8/8/8/8/8/8/8/K3k3 b - - 223 209
401,210,w,66873.1,3409.3,1.2,66871.9,64,192,8/8/8/8/8/8/8/K2k4 w - - 224 210
402,210,b,67744.7,3448.5,1.1,67743.6,64,192,8/8/8/8/8/8/8/1K1k4 b - - 225 210
403,211,w,67371.9,3431.7,1.6,67370.4,64,320,8/8/8/8/8/8/8/1K2k3 w - - 226 211
404,211,b,68243.6,3471.0,1.8,68241.8,64,320,8/8/8/8/8/8/8/K3k3 b - - 227 211
405,212,w,67870.4,3454.2,1.3,67869.1,64,192,8/8/8/8/8/8/8/K2k4 w - - 228 212
406,212,b,68741.8,3493.4,1.1,68740.8,64,192,8/8/8/8/8/8/8/1K1k4 b - - 229 212
407,213,w,68369.1,3476.6,1.6,68367.5,64,320,8/8/8/8/8/8/8/1K2k3 w - - 230 213
408,213,b,69240.8,3515.8,1.6,69239.2,64,320,8/8/8/8/8/8/8/K3k3 b - - 231 213
409,214,w,68867.5,3499.0,1.2,68866.4,64,192,8/8/8/8/8/8/8/K2k4 w - - 232 214
410,214,b,69739.2,3538.3,1.1,69738.1,64,192,8/8/8/8/8/8/8/1K1k4 b - - 233 214
411,215,w,69366.4,3521.5,1.9,69364.4,64,320,8/8/8/8/8/8/8/1K2k3 w - - 234 215
412,215,b,70238.1,3560.7,1.6,70236.4,64,320,8/8/8/8/8/8/8/K3k3 b - - 235 215
413,216,w,69864.4,3543.9,1.3,69863.2,64,192,8/8/8/8/8/8/8/K2k4 w - - 236 216
414,216,b,70736.4,3583.1,1.1,70735.3,64,192,8/8/8/8/8/8/8/1K1k4 b - - 237 216
415,217,w,70363.2,3566.3,1.6,70361.6,64,320,8/8/8/8/8/8/8/1K2k3 w - - 238 217
416,217,b,71235.3,3605.6,1.6,71233.8,64,320,8/8/8/8/8/8/8/K3k3 b - - 239 217
417,218,w,70861.6,3588.8,1.2,70860.4,64,192,8/8/8/8/8/8/8/K2k4 w - - 240 218
418,218,b,71733.8,3628.0,1.2,71732.6,64,192,8/8/8/8/8/8/8/1K1k4 b - - 241 218
419,219,w,71360.4,3611.2,1.8,71358.7,64,320,8/8/8/8/8/8/8/1K2k3 w - - 242 219
420,219,b,72232.6,3650.5,1.6,72231.0,64,320,8/8/8/8/8/8/8/K3k3 b - - 243 219
421,220,w,71858.7,3633.6,1.3,71857.4,64,192,8/8/8/8/8/8/8/K2k4 w - - 244 220
422,220,b,72731.0,3672.9,1.2,72729.9,64,192,8/8/8/8/8/8/8/1K1k4 b - - 245 220
423,221,w,72357.4,3656.1,1.6,72355.8,64,320,8/8/8/8/8/8/8/1K2k3 w - - 246 221
424,221,b,73229.9,3695.3,1.6,73228.2,64,320,8/8/8/8/8/8/8/K3k3 b - - 247 221
425,222,w,72855.8,3678.5,1.3,72854.5,64,192,8/8/8/8/8/8/8/K2k4 w - - 248 222
426,222,b,73728.2,3717.8,1.2,73727.0,64,192,8/8/8/8/8/8/8/1K1k4 b - - 249 222
427,223,w,73354.5,3701.0,3.2,73351.3,64,320,8/8/8/8/8/8/8/1K2k3 w - - 250 223
428,223,b,74227.0,3740.2,1.7,74225.3,64,320,8/8/8/8/8/8/8/K3k3 b - - 251 223
429,224,w,73851.3,3723.3,1.3,73850.1,64,192,8/8/8/8/8/8/8/K2k4 w - - 252 224
430,224,b,74725.3,3762.6,1.2,74724.1,64,192,8/8/8/8/8/8/8/1K1k4 b - - 253 224
431,225,w,74350.1,3745.8,1.6,74348.4,64,320,8/8/8/8/8/8/8/1K2k3 w - - 254 225
432,225,b,75224.1,3785.1,1.6,75222.5,64,320,8/8/8/8/8/8/8/K3k3 b - - 255 225
433,226,w,74848.4,3768.2,1.3,74847.1,64,192,8/8/8/8/8/8/8/K2k4 w - - 256 226
434,226,b,75722.5,3807.5,1.1,75721.4,64,192,8/8/8/8/8/8/8/1K1k4 b - - 257 226
435,227,w,75347.1,3790.6,1.6,75345.5,64,320,8/8/8/8/8/8/8/1K2k3 w - - 258 227
436,227,b,76221.4,3830.0,1.6,76219.7,64,320,8/8/8/8/8/8/8/K3k3 b - - 259 227
437,228,w,75845.5,3813.0,1.2,75844.3,64,192,8/8/8/8/8/8/8/K2k4 w - - 260 228
438,228,b,76719.7,3852.4,1.2,76718.6,64,192,8/8/8/8/8/8/8/1K1k4 b - - 261 228
439,229,w,76344.3,3835.5,1.6,76342.7,64,320,8/8/8/8/8/8/8/1K2k3 w - - 262 229
440,229,b,77218.6,3874.8,1.6,77216.9,64,320,8/8/8/8/8/8/8/K3k3 b - - 263 229
441,230,w,76842.7,3857.9,1.2,76841.5,64,192,8/8/8/8/8/8/8/K2k4 w - - 264 230
442,230,b,77716.9,3897.3,1.1,77715.8,64,192,8/8/8/8/8/8/8/1K1k4 b - - 265 230
443,231,w,77341.5,3880.4,1.6,77339.9,64,320,8/8/8/8/8/8/8/1K2k3 w - - 266 231
444,231,b,78215.8,3919.7,1.7,78214.1,64,320,8/8/8/8/8/8/8/K3k3 b - - 267 231
445,232,w,77839.9,3902.8,1.3,77838.5,64,192,8/8/8/8/8/8/8/K2k4 w - - 268 232
446,232,b,78714.1,3942.1,1.1,78713.0,64,192,8/8/8/8/8/8/8/1K1k4 b - - 269 232
447,233,w,78338.5,3925.2,1.6,78336.9,64,320,8/8/8/8/8/8/8/1K2k3 w - - 270 233
448,233,b,79213.0,3964.6,1.6,79211.4,64,320,8/8/8/8/8/8/8/K3k3 b - - 271 233
449,234,w,78836.9,3947.7,1.1,78835.8,64,192,8/8/8/8/8/8/8/K2k4 w - - 272 234
450,234,b,79711.4,3987.0,1.2,79710.2,64,192,8/8/8/8/8/8/8/1K1k4 b - - 273 234
451,235,w,79335.8,3970.1,1.6,79334.1,64,320,8/8/8/8/8/8/8/1K2k3 w - - 274 235
452,235,b,80210.2,4009.5,1.6,80208.6,64,320,8/8/8/8/8/8/8/K3k3 b - - 275 235
453,236,w,79834.1,3992.5,1.2,79833.0,64,192,8/8/8/8/8/8/8/K2k4 w - - 276 236
454,236,b,80708.6,4031.9,1.2,80707.4,64,192,8/8/8/8/8/8/8/1K1k4 b - - 277 236
455,237,w,80333.0,4015.0,1.6,80331.4,64,320,8/8/8/8/8/8/8/1K2k3 w - - 278 237
456,237,b,81207.4,4054.3,1.6,81205.8,64,320,8/8/8/8/8/8/8/K3k3 b - - 279 237
457,238,w,80831.4,4037.4,1.2,80830.1,64,192,8/8/8/8/8/8/8/K2k4 w - - 280 238
458,238,b,81705.8,4076.8,1.2,81704.6,64,192,8/8/8/8/8/8/8/1K1k4 b - - 281 238
459,239,w,81330.1,4059.9,1.5,81328.6,64,320,8/8/8/8/8/8/8/1K2k3 w - - 282 239
460,239,b,82204.6,4099.2,1.6,82203.0,64,320,8/8/8/8/8/8/8/K3k3 b - - 283 239
461,240,w,81828.6,4082.3,1.5,81827.1,64,192,8/8/8/8/8/8/8/K2k4 w - - 284 240
462,240,b,82703.0,4121.6,1.3,82701.7,64,192,8/8/8/8/8/8/8/1K1k4 b - - 285 240
463,241,w,82327.1,4104.7,1.8,82325.3,64,320,8/8/8/8/8/8/8/1K2k3 w - - 286 241
464,241,b,83201.7,4144.1,1.6,83200.1,64,320,8/8/8/8/8/8/8/K3k3 b - - 287 241
465,242,w,82825.3,4127.1,1.3,82824.0,64,192,8/8/8/8/8/8/8/K2k4 w - - 288 242
466,242,b,83700.1,4166.5,1.2,83698.8,64,192,8/8/8/8/8/8/8/1K1k4 b - - 289 242
467,243,w,83324.0,4149.6,1.7,83322.3,64,320,8/8/8/8/8/8/8/1K2k3 w - - 290 243
468,243,b,84198.8,4188.9,1.6,84197.3,64,320,8/8/8/8/8/8/8/K3k3 b - - 291 243
469,244,w,83822.3,4172.0,1.2,83821.1,64,192,8/8/8/8/8/8/8/K2k4 w - - 292 244
470,244,b,84697.3,4211.4,1.1,84696.1,64,192,8/8/8/8/8/8/8/1K1k4 b - - 293 244
471,245,w,84321.1,4194.4,1.6,84319.5,64,320,8/8/8/8/8/8/8/1K2k3 w - - 294 245
472,245,b,85196.1,4233.8,1.6,85194.5,64,320,8/8/8/8/8/8/8/K3k3 b - - 295 245
473,246,w,84819.5,4216.9,1.2,84818.3,64,192,8/8/8/8/8/8/8/K2k4 w - - 296 246
474,246,b,85694.5,4256.3,1.1,85693.4,64,192,8/8/8/8/8/8/8/1K1k4 b - - 297 246
475,247,w,85318.3,4239.3,1.7,85316.7,64,320,8/8/8/8/8/8/8/1K2k3 w - - 298 247
476,247,b,86193.4,4278.7,1.7,86191.8,64,320,8/8/8/8/8/8/8/K3k3 b - - 299 247
477,248,w,85816.7,4261.7,1.2,85815.5,64,192,8/8/8/8/8/8/8/K2k4 w - - 300 248
478,248,b,86691.8,4301.1,1.1,86690.7,64,192,8/8/8/8/8/8/8/1K1k4 b - - 301 248
479,249,w,86315.5,4284.2,1.6,86313.8,64,320,8/8/8/8/8/8/8/1K2k3 w - - 302 249
480,249,b,87190.7,4323.6,1.5,87189.1,64,320,8/8/8/8/8/8/8/K3k3 b - - 303 249
481,250,w,86813.8,4306.6,1.2,86812.7,64,192,8/8/8/8/8/8/8/K2k4 w - - 304 250
482,250,b,87689.1,4346.0,1.2,87688.0,64,192,8/8/8/8/8/8/8/1K1k4 b - - 305 250
483,251,w,87312.7,4329.1,1.7,87311.0,64,320,8/8/8/8/8/8/8/1K2k3 w - - 306 251
484,251,b,88188.0,4368.5,1.6,88186.3,64,320,8/8/8/8/8/8/8/K3k3 b - - 307 251
485,252,w,87811.0,4351.5,1.3,87809.8,64,192,8/8/8/8/8/8/8/K2k4 w - - 308 252
486,252,b,88686.3,4390.9,1.2,88685.2,64,192,8/8/8/8/8/8/8/1K1k4 b - - 309 252
487,253,w,88309.8,4373.9,1.6,88308.1,64,320,8/8/8/8/8/8/8/1K2k3 w - - 310 253
488,253,b,89185.2,4413.3,1.6,89183.6,64,320,8/8/8/8/8/8/8/K3k3 b - - 311 253
489,254,w,88808.1,4396.4,1.2,88806.9,64,192,8/8/8/8/8/8/8/K2k4 w - - 312 254
490,254,b,89683.6,4435.8,1.2,89682.3,64,192,8/8/8/8/8/8/8/1K1k4 b - - 313 254
491,255,w,89306.9,4418.8,1.6,89305.3,64,320,8/8/8/8/8/8/8/1K2k3 w - - 314 255
492,255,b,90182.3,4458.2,1.6,90180.7,64,320,8/8/8/8/8/8/8/K3k3 b - - 315 255
493,256,w,89805.3,4441.2,1.3,89804.1,64,192,8/8/8/8/8/8/8/K2k4 w - - 316 256
494,256,b,90680.7,4480.6,1.1,90679.7,64,192,8/8/8/8/8/8/8/1K1k4 b - - 317 256
495,257,w,90304.1,4463.7,1.5,90302.5,64,320,8/8/8/8/8/8/8/1K2k3 w - - 318 257
496,257,b,91179.7,4503.1,1.8,91177.8,64,320,8/8/8/8/8/8/8/K3k3 b - - 319 257
497,258,w,90802.5,4486.1,1.3,90801.3,64,192,8/8/8/8/8/8/8/K2k4 w - - 320 258
498,258,b,91677.8,4525.5,1.1,91676.7,64,192,8/8/8/8/8/8/8/1K1k4 b - - 321 258
499,259,w,91301.3,4508.6,1.6,91299.7,64,320,8/8/8/8/8/8/8/1K2k3 w - - 322 259
500,259,b,92176.7,4548.0,1.6,92175.1,64,320,8/8/8/8/8/8/8/K3k3 b - - 323 259
501,260,w,91799.7,4531.0,1.2,91798.5,64,192,8/8/8/8/8/8/8/K2k4 w - - 324 260
502,260,b,92675.1,4570.4,1.1,92674.0,64,192,8/8/8/8/8/8/8/1K1k4 b - - 325 260
503,261,w,92298.5,4553.4,1.7,92296.8,64,320,8/8/8/8/8/8/8/1K2k3 w - - 326 261
504,261,b,93174.0,4592.8,1.6,93172.3,64,320,8/8/8/8/8/8/8/K3k3 b - - 327 261
505,262,w,92796.8,4575.9,1.2,92795.6,64,192,8/8/8/8/8/8/8/K2k4 w - - 328 262
506,262,b,93672.3,4615.3,1.2,93671.2,64,192,8/8/8/8/8/8/8/1K1k4 b - - 329 262
507,263,w,93295.6,4598.3,1.6,93294.1,64,320,8/8/8/8/8/8/8/1K2k3 w - - 330 263
508,263,b,94171.2,4637.7,1.6,94169.6,64,320,8/8/8/8/8/8/8/K3k3 b - - 331 263
509,264,w,93794.1,4620.7,1.2,93792.9,64,192,8/8/8/8/8/8/8/K2k4 w - - 332 264
510,264,b,94669.6,4660.1,1.2,94668.4,64,192,8/8/8/8/8/8/8/1K1k4 b - - 333 264
511,265,w,94292.9,4643.2,1.6,94291.4,64,320,8/8/8/8/8/8/8/1K2k3 w - - 334 265
512,265,b,95168.4,4682.6,1.6,95166.8,64,320,8/8/8/8/8/8/8/K3k3 b - - 335 265
513,266,w,94791.4,4665.6,1.3,94790.1,64,192,8/8/8/8/8/8/8/K2k4 w - - 336 266
514,266,b,95666.8,4705.0,1.2,95665.7,64,192,8/8/8/8/8/8/8/1K1k4 b - - 337 266
515,267,w,95290.1,4688.1,1.6,95288.5,64,320,8/8/8/8/8/8/8/1K2k3 w - - 338 267
516,267,b,96165.7,4727.5,1.6,96164.1,64,320,8/8/8/8/8/8/8/K3k3 b - - 339 267
517,268,w,95788.5,4710.5,1.2,95787.2,64,192,8/8/8/8/8/8/8/K2k4 w - - 340 268
518,268,b,96664.1,4749.9,1.1,96663.0,64,192,8/8/8/8/8/8/8/1K1k4 b - - 341 268
519,269,w,96287.2,4732.9,1.5,96285.7,64,320,8/8/8/8/8/8/8/1K2k3 w - - 342 269
520,269,b,97163.0,4772.3,1.6,97161.3,64,320,8/8/8/8/8/8/8/K3k3 b - - 343 269
521,270,w,96785.7,4755.4,1.2,96784.5,64,192,8/8/8/8/8/8/8/K2k4 w - - 344 270
522,270,b,97661.3,4794.8,1.2,97660.1,64,192,8/8/8/8/8/8/8/1K1k4 b - - 345 270
523,271,w,97284.5,4777.8,1.6,97282.9,64,320,8/8/8/8/8/8/8/1K2k3 w - - 346 271
524,271,b,98160.1,4817.2,1.6,98158.5,64,320,8/8/8/8/8/8/8/K3k3 b - - 347 271
525,272,w,97782.9,4800.2,1.2,97781.7,64,192,8/8/8/8/8/8/8/K2k4 w - - 348 272
526,272,b,98658.5,4839.6,1.1,98657.4,64,192,8/8/8/8/8/8/8/1K1k4 b - - 349 272
527,273,w,98281.7,4822.7,1.6,98280.1,64,320,8/8/8/8/8/8/8/1K2k3 w - - 350 273
528,273,b,99157.4,4862.1,1.6,99155.8,64,320,8/8/8/8/8/8/8/K3k3 b - - 351 273
529,274,w,98780.1,4845.1,1.2,98778.9,64,192,8/8/8/8/8/8/8/K2k4 w - - 352 274
530,274,b,99655.8,4884.5,1.2,99654.6,64,192,8/8/8/8/8/8/8/1K1k4 b - - 353 274
531,275,w,99278.9,4867.5,1.6,99277.3,64,320,8/8/8/8/8/8/8/1K2k3 w - - 354 275
532,275,b,100154.6,4907.0,1.6,100153.0,64,320,8/8/8/8/8/8/8/K3k3 b - - 355 275
533,276,w,99777.3,4890.0,1.2,99776.1,64,192,8/8/8/8/8/8/8/K2k4 w - - 356 276
534,276,b,100653.0,4929.4,1.1,100651.9,64,192,8/8/8/8/8/8/8/1K1k4 b - - 357 276
535,277,w,100276.1,4912.4,1.6,100274.6,64,320,8/8/8/8/8/8/8/1K2k3 w - - 358 277
536,277,b,101151.9,4951.8,1.6,101150.4,64,320,8/8/8/8/8/8/8/K3k3 b - - 359 277
537,278,w,100774.6,4934.9,1.2,100773.3,64,192,8/8/8/8/8/8/8/K2k4 w - - 360 278
538,278,b,101650.4,4974.3,1.2,101649.2,64,192,8/8/8/8/8/8/8/1K1k4 b - - 361 278
539,279,w,101273.3,4957.3,1.5,101271.8,64,320,8/8/8/8/8/8/8/1K2k3 w - - 362 279
540,279,b,102149.2,4996.7,1.7,102147.5,64,320,8/8/8/8/8/8/8/K3k3 b - - 363 279
541,280,w,101771.8,4979.7,1.4,101770.4,64,192,8/8/8/8/8/8/8/K2k4 w - - 364 280
542,280,b,102647.5,5019.1,1.1,102646.3,64,192,8/8/8/8/8/8/8/1K1k4 b - - 365 280
543,281,w,102270.4,5002.2,1.6,102268.8,64,320,8/8/8/8/8/8/8/1K2k3 w - - 366 281
544,281,b,103146.3,5041.6,1.6,103144.8,64,320,8/8/8/8/8/8/8/K3k3 b - - 367 281
545,282,w,102768.8,5024.6,1.2,102767.6,64,192,8/8/8/8/8/8/8/K2k4 w - - 368 282
546,282,b,103644.8,5064.0,1.3,103643.5,64,192,8/8/8/8/8/8/8/1K1k4 b - - 369 282
547,283,w,103267.6,5047.0,1.5,103266.1,64,320,8/8/8/8/8/8/8/1K2k3 w - - 370 283
548,283,b,104143.5,5086.5,1.6,104142.0,64,320,8/8/8/8/8/8/8/K3k3 b - - 371 283
549,284,w,103766.1,5069.5,1.2,103764.9,64,192,8/8/8/8/8/8/8/K2k4 w - - 372 284
550,284,b,104642.0,5108.9,1.1,104640.8,64,192,8/8/8/8/8/8/8/1K1k4 b - - 373 284
551,285,w,104264.9,5091.9,1.7,104263.2,64,320,8/8/8/8/8/8/8/1K2k3 w - - 374 285
552,285,b,105140.8,5131.3,1.6,105139.3,64,320,8/8/8/8/8/8/8/K3k3 b - - 375 285
553,286,w,104763.2,5114.3,1.2,104762.0,64,192,8/8/8/8/8/8/8/K2k4 w - - 376 286
554,286,b,105639.3,5153.8,1.1,105638.1,64,192,8/8/8/8/8/8/8/1K1k4 b - - 377 286
555,287,w,105262.0,5136.8,1.6,105260.4,64,320,8/8/8/8/8/8/8/1K2k3 w - - 378 287
556,287,b,106138.1,5176.2,1.5,106136.6,64,320,8/8/8/8/8/8/8/K3k3 b - - 379 287
557,288,w,105760.4,5159.2,1.2,105759.3,64,192,8/8/8/8/8/8/8/K2k4 w - - 380 288
558,288,b,106636.6,5198.6,1.1,106635.4,64,192,8/8/8/8/8/8/8/1K1k4 b - - 381 288
559,289,w,106259.3,5181.7,1.6,106257.7,64,320,8/8/8/8/8/8/8/1K2k3 w - - 382 289
560,289,b,107135.4,5221.1,1.6,107133.9,64,320,8/8/8/8/8/8/8/K3k3 b - - 383 289
561,290,w,106757.7,5204.1,1.2,106756.6,64,192,8/8/8/8/8/8/8/K2k4 w - - 384 290
562,290,b,107633.9,5243.5,1.1,107632.8,64,192,8/8/8/8/8/8/8/1K1k4 b - - 385 290
563,291,w,107256.6,5226.5,1.6,107254.9,64,320,8/8/8/8/8/8/8/1K2k3 w - - 386 291
564,291,b,108132.8,5266.0,1.6,108131.2,64,320,8/8/8/8/8/8/8/K3k3 b - - 387 291
565,292,w,107754.9,5249.0,1.2,107753.7,64,192,8/8/8/8/8/8/8/K2k4 w - - 388 292
566,292,b,108631.2,5288.4,1.2,108630.0,64,192,8/8/8/8/8/8/8/1K1k4 b - - 389 292
567,293,w,108253.7,5271.4,1.6,108252.1,64,320,8/8/8/8/8/8/8/1K2k3 w - - 390 293
568,293,b,109130.0,5310.9,1.6,109128.5,64,320,8/8/8/8/8/8/8/K3k3 b - - 391 293
569,294,w,108752.1,5293.8,1.2,108750.9,64,192,8/8/8/8/8/8/8/K2k4 w - - 392 294
570,294,b,109628.5,5333.3,1.1,109627.4,64,192,8/8/8/8/8/8/8/1K1k4 b - - 393 294
571,295,w,109250.9,5316.3,1.6,109249.3,64,320,8/8/8/8/8/8/8/1K2k3 w - - 394 295
572,295,b,110127.4,5355.7,1.6,110125.8,64,320,8/8/8/8/8/8/8/K3k3 b - - 395 295
573,296,w,109749.3,5338.7,1.2,109748.1,64,192,8/8/8/8/8/8/8/K2k4 w - - 396 296
574,296,b,110625.8,5378.2,1.2,110624.6,64,192,8/8/8/8/8/8/8/1K1k4 b - - 397 296
575,297,w,110248.1,5361.2,1.7,110246.4,64,320,8/8/8/8/8/8/8/1K2k3 w - - 398 297
576,297,b,111124.6,5400.6,1.6,111123.0,64,320,8/8/8/8/8/8/8/K3k3 b - - 399 297
577,298,w,110746.4,5383.6,1.2,110745.2,64,192,8/8/8/8/8/8/8/K2k4 w - - 400 298
578,298,b,111623.0,5423.0,1.1,111621.9,64,192,8/8/8/8/8/8/8/1K1k4 b - - 401 298
579,299,w,111245.2,5406.0,1.6,111243.6,64,320,8/8/8/8/8/8/8/1K2k3 w - - 402 299
580,299,b,112121.9,5445.5,1.6,112120.3,64,320,8/8/8/8/8/8/8/K3k3 b - - 403 299
581,300,w,111743.6,5428.5,1.2,111742.4,64,192,8/8/8/8/8/8/8/K2k4 w - - 404 300
582,300,b,112620.3,5467.9,1.2,112619.1,64,192,8/8/8/8/8/8/8/1K1k4 b - - 405 300
583,301,w,112242.4,5450.9,1.6,112240.8,64,320,8/8/8/8/8/8/8/1K2k3 w - - 406 301
584,301,b,113119.1,5490.4,1.7,113117.4,64,320,8/8/8/8/8/8/8/K3k3 b - - 407 301
585,302,w,112740.8,5473.3,1.2,112739.6,64,192,8/8/8/8/8/8/8/K2k4 w - - 408 302
586,302,b,113617.4,5512.8,1.2,113616.2,64,192,8/8/8/8/8/8/8/1K1k4 b - - 409 302
587,303,w,113239.6,5495.8,1.6,113238.0,64,320,8/8/8/8/8/8/8/1K2k3 w - - 410 303
588,303,b,114116.2,5535.2,1.6,114114.6,64,320,8/8/8/8/8/8/8/K3k3 b - - 411 303
589,304,w,113738.0,5518.2,1.2,113736.9,64,192,8/8/8/8/8/8/8/K2k4 w - - 412 304
590,304,b,114614.6,5557.7,1.1,114613.5,64,192,8/8/8/8/8/8/8/1K1k4 b - - 413 304
591,305,w,114236.9,5540.7,1.6,114235.3,64,320,8/8/8/8/8/8/8/1K2k3 w - - 414 305
592,305,b,115113.5,5580.1,1.7,115111.8,64,320,8/8/8/8/8/8/8/K3k3 b - - 415 305
593,306,w,114735.3,5563.1,1.2,114734.1,64,192,8/8/8/8/8/8/8/K2k4 w - - 416 306
594,306,b,115611.8,5602.5,1.1,115610.7,64,192,8/8/8/8/8/8/8/1K1k4 b - - 417 306
595,307,w,115234.1,5585.5,1.6,115232.5,64,320,8/8/8/8/8/8/8/1K2k3 w - - 418 307
596,307,b,116110.7,5625.0,1.6,116109.1,64,320,8/8/8/8/8/8/8/K3k3 b - - 419 307
597,308,w,115732.5,5608.0,1.2,115731.3,64,192,8/8/8/8/8/8/8/K2k4 w - - 420 308
598,308,b,116609.1,5647.4,1.1,116608.0,64,192,8/8/8/8/8/8/8/1K1k4 b - - 421 308
599,309,w,116231.3,5630.4,1.6,116229.7,64,320,8/8/8/8/8/8/8/1K2k3 w - - 422 309
