ply,depth,nodes,ebf,occupancy_pct,sec,fen
0,10,1274719,4.0789,0.7882,0.61,r1bqk2r/p1pp1ppp/2p2n2/8/1b2P3/2NB4/PPP2PPP/R1BQK2R b KQkq - 1 7
5,10,516397,3.7265,3.9442,0.211,r1bqr1k1/p1pp1pp1/2p2n1p/6B1/1b2P3/2NB4/PPP2PPP/R2Q1RK1 w - - 0 10
10,10,348284,3.5826,5.3246,0.143,r1bqr1k1/p1pp1p2/2p2n1p/6p1/4P3/2PB2B1/P1P2PPP/R2Q1RK1 b - - 1 12
15,10,1740817,4.208,9.768,0.666,r1bqr1k1/p1p2p2/2p4p/3p3Q/4nPp1/2PB2B1/P1P3PP/R4RK1 w - - 0 15
20,10,529113,3.7356,11.7485,0.216,r1b1r1k1/p4p2/2pp4/3p1P2/4n1p1/2PB2B1/P1P3PP/R4RK1 b - - 0 17
25,10,952835,3.9619,14.1922,0.382,r1b1r3/5pk1/2pp1n2/p2p1P2/5RpB/2PB4/P1P3PP/R5K1 w - - 4 20
30,10,161868,3.3183,14.7494,0.064,r3r3/5p2/b1pp1k2/p2p1P2/6R1/2PB4/P1P3PP/5RK1 b - - 0 22
35,10,889904,3.9349,16.4397,0.361,1r6/5p2/2pp1k2/p2p1P2/6R1/2PPr3/P5PP/3R2K1 w - - 3 25
40,10,515503,3.7258,18.0223,0.207,8/5p2/3p1k2/p1pp1P2/6RP/2PPr3/P2R2PK/1r6 b - - 3 27
45,10,422678,3.6526,19.2295,0.174,8/5p2/3p4/R1pp4/6kP/2PPr3/P2R2PK/5r2 w - - 1 30
50,10,219348,3.4207,20.6056,0.092,6R1/5p2/3p4/2pp4/7k/2PPr3/P2R2PK/5r2 b - - 1 32
55,10,48514,2.9416,22.1823,0.02,6R1/5p2/3p4/2pp3k/8/2PP2PK/P2R4/4r2r w - - 3 35
60,10,116868,3.212,23.1467,0.049,6R1/5p2/3p4/2pp3k/P7/2PP1KP1/3R4/4r1r1 b - - 2 37
65,10,258661,3.4775,23.4845,0.095,6R1/5p2/3p4/2pp3k/P7/2PP2P1/5K2/2r5 w - - 1 40
70,10,282929,3.5089,24.0797,0.109,R7/5p2/P2p4/2pp3k/8/r2P2P1/5K2/8 b - - 2 42
75,10,143177,3.2778,24.8763,0.057,R7/P4p2/3p1k2/3p4/2p5/r2P2P1/4K3/8 w - - 0 45
80,10,158372,3.3111,25.2965,0.059,R7/P4p2/5k2/3p4/2p5/r5P1/8/2K5 b - - 1 47
85,10,49271,2.9462,25.6025,0.018,8/2r2p2/5k2/8/2pR4/6P1/8/2K5 w - - 1 50
90,10,69988,3.0514,25.7305,0.025,8/2r5/8/4kp2/2p2R2/2K3P1/8/8 b - - 1 52
95,10,30918,2.812,25.9041,0.012,8/8/8/5p2/1Kp1k1r1/5RP1/8/8 w - - 6 55
100,10,19625,2.6871,26.176,0.007,8/8/8/5pr1/1Kpk4/2R3P1/8/8 b - - 11 57
105,10,51975,2.962,26.2098,0.021,8/8/8/3k1p2/1Kp3r1/R5P1/8/8 w - - 16 60
110,10,100131,3.1627,26.4329,0.035,8/8/8/5pr1/2p1k3/K1R3P1/8/8 b - - 21 62
115,10,10069,2.5136,26.4725,0.004,8/8/8/5pr1/1Kp1k3/5RP1/8/8 w - - 26 65
120,10,151,1.6516,26.4868,0.0,8/8/8/5pr1/1Kp1k3/R5P1/8/8 b - - 31 67
125,10,156907,3.308,26.8203,0.056,2r5/8/8/1K1k1p2/8/R5P1/8/8 w - - 3 70
130,10,167965,3.3306,27.0082,0.063,2r5/8/8/1K2kp2/8/5RP1/8/8 b - - 8 72
135,10,37498,2.8668,27.0262,0.014,8/8/8/1K2kp2/8/5RP1/8/2r5 w - - 13 75
140,10,1027,2.0006,27.0859,0.001,8/8/1K6/4kp2/8/5RP1/8/2r5 b - - 18 77
145,10,8965,2.4846,27.1082,0.004,8/8/8/2K1kp2/5R2/6P1/8/1r6 w - - 23 80
150,10,106222,3.1814,27.222,0.037,4R3/8/5k2/2K2p2/8/6P1/8/3r4 b - - 28 82
155,10,185133,3.3632,27.5467,0.065,8/8/8/2K2pk1/8/5RP1/8/3r4 w - - 33 85
160,10,11532,2.5479,27.736,0.005,8/8/8/5pk1/2K5/5RP1/8/3r4 b - - 38 87
165,10,39319,2.8804,27.8411,0.016,8/8/8/3K1pk1/5R2/6P1/8/2r5 w - - 43 90
170,10,90782,3.1318,27.9749,0.034,8/8/8/3K1p2/6k1/2R3P1/8/4r3 b - - 48 92
175,10,604,1.8972,28.0112,0.001,8/8/8/3K1p2/4r1k1/2R3P1/8/8 w - - 53 95
180,10,1271,2.0437,28.0928,0.001,8/8/8/2K2p2/4r1k1/2R3P1/8/8 b - - 58 97
185,10,18934,2.6775,28.1498,0.008,8/8/8/3K1p2/6k1/2R3P1/8/4r3 w - - 63 100
190,10,51762,2.9607,28.2091,0.019,8/8/3K4/5p2/6k1/R5P1/8/4r3 b - - 68 102
195,10,150236,3.2936,28.4592,0.052,8/8/5K2/5p2/6k1/R5P1/8/5r2 w - - 73 105
200,10,2304,2.1689,28.6016,0.001,8/8/8/5K2/8/5kP1/8/8 b - - 0 107
205,10,654125,3.8156,32.4906,0.28,rn1q1rk1/pp2ppbp/6p1/2p5/2BPP1b1/2P1BN2/P4PPP/R2Q1RK1 b - - 5 10
210,10,1572853,4.1655,37.0243,0.643,r4rk1/ppq1ppbp/6p1/2P1n3/2B1P1b1/2P1BN2/P4PPP/1R1Q1RK1 w - - 3 13
215,10,618660,3.7944,38.3383,0.229,r2r2k1/ppq1ppbp/6p1/2P5/4P1b1/1QP1BB2/P4PPP/1R3RK1 b - - 2 15
220,10,779418,3.8831,40.4088,0.306,rr4k1/p1q1ppbp/1p4p1/2P5/4P3/1QP1BP2/P4P1P/1R1R2K1 w - - 0 18
225,10,805301,3.8958,41.9016,0.345,rr4k1/2q1pp1p/1B4p1/4b3/2P1P3/1Q3P2/P4P1P/1R1R2K1 b - - 0 20
230,10,1419472,4.123,45.3064,0.659,rr4k1/4pp2/1B3qpp/2P1b3/P3P3/1Q3P2/5P1P/1R1R2K1 w - - 0 23
235,10,647027,3.8115,48.667,0.248,r5k1/3Rpp2/1QP3pp/4b3/P3P2q/5P2/5P1P/1R4K1 b - - 0 25
240,10,10,1.2589,50.5803,0.0,r5k1/3Rpp2/1QP3pp/8/P3Pb2/5P2/7q/1R4K1 w - - 0 28
245,10,6926182,4.8311,57.5418,2.885,6k1/1R2pp2/1QP3pp/8/r3Pb2/5P1q/4K3/1R6 b - - 1 30
250,10,30,1.4051,58.48,0.0,6k1/1R2pp2/2P3pp/8/4Pb2/5P2/1Q2K1q1/8 w - - 1 33
255,10,190502,3.3728,58.9232,0.076,6k1/1R2pp2/2P3pp/8/4Pb2/8/8/3KQ2q b - - 3 35
260,10,496,1.8602,59.6467,0.0,6k1/1R2pp2/2P3pp/8/4Pbq1/8/2Q5/3K4 w - - 8 38
265,10,467212,3.6894,60.3702,0.198,6k1/1R2pp2/2P3pp/8/4Pb2/4q3/2Q5/3K4 b - - 13 40
270,10,1414215,4.1215,61.5459,0.594,6k1/1Rb1pp2/2P3pp/4q3/4P3/8/2Q1K3/8 w - - 18 43
275,10,1582058,4.1679,63.4722,0.671,6k1/R1b1pp2/2P3p1/7p/3QPq2/8/4K3/8 b - - 1 45
280,10,488,1.8571,64.8289,0.0,6k1/R3pp2/2P3p1/4b2p/4P3/3KQ3/8/3q4 w - - 6 48
285,10,1311680,4.0906,65.5846,0.529,6k1/R3pp2/2P3p1/4b2p/K3P3/4Q3/1q6/8 b - - 11 50
290,10,802796,3.8946,66.5871,0.326,8/2R1ppk1/2P3p1/7p/K2bP3/1Q6/8/2q5 w - - 16 53
295,10,1378278,4.1109,68.0369,0.584,2RQ4/4ppk1/2P3p1/4b3/K3P2p/8/8/2q5 b - - 1 55
300,10,2415769,4.3482,69.48,1.098,2RQ4/4pp2/2P2kp1/1K2b3/4P2p/2q5/8/8 w - - 6 58
305,10,1192521,4.0518,71.1191,0.46,2R2Q2/4pp2/K1P3p1/4b1k1/4P2p/1q6/8/8 b - - 11 60
310,10,909520,3.9435,71.518,0.371,2R2Q2/4pp2/K1P3p1/6k1/1q1bP2p/8/8/8 w - - 16 63
315,10,121,1.6154,72.3099,0.0,1R6/4pp2/K1P3p1/Q5k1/q2bP3/7p/8/8 b - - 3 65
320,10,121578,3.2247,72.4734,0.05,8/4pp2/2P3p1/K3b1k1/4P3/8/7p/1R6 w - - 2 68
325,10,146389,3.2851,72.578,0.052,8/2K1pp2/6p1/8/4P2k/8/7p/1R6 b - - 0 70
330,10,93505,3.1411,72.6903,0.03,7R/2K1pp2/8/8/4P1p1/6k1/7p/8 w - - 2 73
335,10,59109,3.0003,72.7755,0.019,8/3K1p1R/4p3/4P3/6p1/8/6kp/8 b - - 1 75
340,10,1336393,4.0982,73.3667,0.493,8/5R2/4K3/4P3/7q/6p1/6k1/8 w - - 1 78
345,10,310379,3.5415,73.9451,0.109,6R1/8/8/3KP3/7q/8/6p1/7k b - - 1 80
350,10,113806,3.2034,75.1448,0.038,8/3q4/8/4P3/4K3/6R1/8/6qk w - - 0 83
360,10,302821,3.5328,75.2166,0.084,8/8/4P3/5q2/3K4/8/8/5k2 w - - 5 88
370,10,171938,3.3384,75.2896,0.044,8/4q3/8/3K4/8/2k5/8/8 w - - 6 93
380,10,392098,3.6253,76.0258,0.177,r1bq1rk1/pppnppbp/3p1np1/8/3PPB2/2N2N2/PPP1BPPP/R2Q1RK1 b - - 7 7
385,10,462180,3.6854,76.9942,0.171,r1bq1rk1/pp1n1pbp/2p2np1/4p3/4PB1P/2N2N2/PPP1BPP1/R2Q1RK1 w - - 0 10
390,10,797503,3.892,77.7428,0.344,r1b2rk1/pp1nqpbp/2p3p1/4p1B1/4P1nP/P1N2N2/1PP1BPP1/R2Q1RK1 b - - 2 12
395,10,264802,3.4857,78.2352,0.094,r1b2rk1/pp2qpb1/2p2np1/4p1p1/4P1BP/P1N5/1PP2PP1/R2QNRK1 w - - 0 15
400,10,842062,3.9132,78.4517,0.358,2r2rk1/pp2qpbn/2p3p1/4p1P1/4P3/P1NN4/1PP2PP1/R2Q1RK1 b - - 2 17
405,10,1318278,4.0926,79.7129,0.591,2r2rk1/pp3pb1/2p1n1p1/4p3/4P1Pq/P1NN1P2/1PP5/R2Q1RK1 w - - 1 20
410,10,2816876,4.4155,80.6985,1.109,2r2rk1/pp3pb1/2p3p1/4p3/3nP1P1/P1NN1P1q/1PP2Q2/3R1RK1 b - - 6 22
415,10,770859,3.8788,82.3662,0.327,3rr1k1/p4pb1/1pp3p1/4p3/NP1nP1P1/P2N1P1q/2P2Q2/3R1RK1 w - - 2 25
420,10,4096676,4.584,83.7023,1.619,3rr1k1/p4p2/1pp3p1/4p1b1/1PPnP1P1/P1N2P1q/5Q2/3RNRK1 b - - 4 27
425,10,1179521,4.0473,85.7218,0.516,3rr1k1/5p2/1pp3p1/p3p3/PPPnPbP1/2NR1P1q/5Q2/4NRK1 w - - 0 30
430,10,1046988,3.9994,87.0427,0.4,3rr1k1/5p2/1p4p1/pP2p3/P2nP1P1/2NR1Pbq/6Q1/4NRK1 b - - 2 32
435,10,1229424,4.0642,87.6163,0.531,3rr1k1/5p2/1p4p1/pP1Np1n1/P3P1Pq/3R1Pb1/2N3Q1/5RK1 w - - 7 35
440,10,181394,3.3563,87.702,0.073,3rr1k1/5p2/1p4p1/pP1Np3/P3P1Pq/3R1P1Q/2N2R2/6K1 b - - 0 37
445,10,335292,3.569,87.9276,0.136,3rr3/5pk1/1p4p1/pP1Np3/P3P1P1/3R1P1q/2N2R2/6K1 w - - 4 40
450,10,4444,2.3162,88.0443,0.002,3rr3/5pk1/1p4p1/pP1Np3/P3P1P1/3R1P1q/2N4R/6K1 b - - 9 42
455,10,631423,3.8022,88.1377,0.249,3rr3/5pk1/1p4p1/pP1Np1q1/P3P1P1/3R1P2/2N4R/6K1 w - - 14 45
460,10,716604,3.8506,88.6318,0.299,1r6/2R2pk1/1p1r2p1/pP1Np1q1/P3P1P1/4NP2/7R/6K1 b - - 19 47
465,10,983208,3.9743,89.0133,0.366,3q4/1r4k1/1p1r1pp1/pP1Np3/P3P1P1/4NP1R/2R5/6K1 w - - 0 50
470,10,20,1.3493,89.2279,0.0,6q1/1r1r2kR/1p3pp1/pP1Np3/P3P1P1/4NP2/7R/6K1 b - - 5 52
475,10,117724,3.2143,89.2528,0.042,8/1r1r4/1p3Npk/pP2p3/P3P1P1/4NP2/8/6K1 w - - 1 55
480,10,73562,3.0667,89.2749,0.029,8/3r4/1N4p1/pP2p1k1/P3P1P1/5P2/8/6K1 b - - 0 57
485,10,130294,3.2471,89.3245,0.053,8/8/6p1/pP1Np1k1/r3P1P1/5P2/8/5K2 w - - 0 60
490,10,127989,3.2413,89.3791,0.049,8/2N5/1P4p1/4p1k1/p3P1P1/r4P2/4K3/8 b - - 1 62
495,10,22834,2.7281,89.4189,0.009,8/8/1P4p1/2N1p3/p3P1Pk/5P2/1r2K3/8 w - - 6 65
500,10,27087,2.7751,89.4361,0.011,8/8/1P4p1/4p3/4P1Pk/3K1P2/pN6/8 b - - 0 67
505,10,122132,3.2261,89.4828,0.047,8/1q6/6p1/4p3/4P1Pk/5P2/1NK5/8 w - - 0 70
510,10,436978,3.6648,89.5948,0.157,8/1q6/6p1/4p1P1/4P3/5P2/2KN1k2/8 b - - 0 72
515,10,69043,3.0473,89.6703,0.026,8/8/6p1/4p1P1/1q1kP3/N4P2/2K5/8 w - - 5 75
520,10,31340,2.8159,89.7049,0.011,8/8/6p1/4p1P1/q3P3/N2k1P2/1K6/8 b - - 10 77
525,10,79917,3.0922,89.7196,0.029,8/8/6p1/4p1P1/1q2PP2/N7/K7/2k5 w - - 1 80
530,10,814492,3.9002,89.8125,0.247,8/8/6p1/4P1P1/2q1P3/K7/2k5/8 b - - 0 82
535,10,10,1.2589,90.2277,0.0,r1bQk2r/ppp2ppp/2p2n2/1Bb5/4P3/2P5/PP3PPP/RNB1K2R b KQkq - 0 8
540,10,400034,3.6325,90.4586,0.164,r2kr3/ppp2ppp/2p2n2/2b2b2/4P3/2PB4/PP1N1PPP/R1B1K2R w KQ - 4 11
545,10,1120564,4.0266,90.8269,0.462,r2kr3/ppp2ppp/1bp2nb1/8/P3P3/1NPB1P2/1P4PP/R1B1K2R b KQ - 0 13
550,10,318113,3.5502,91.1779,0.13,r1k1r3/1pp2pp1/1bp2nbp/p5B1/P3P2P/1NPB1P2/1P4P1/R3K2R w KQ - 0 16
555,10,745256,3.8657,91.3175,0.318,r1k1r3/1pp2p1b/1bp2p1p/p6P/P3P3/1NPB1P2/1P4P1/2KR3R b - - 2 18
560,10,639082,3.8068,91.4562,0.273,r1k3r1/1pp2p1b/2p2p1p/p6P/P1B1P3/1NP1bP2/1PK3P1/3R3R w - - 7 21
565,10,257730,3.4763,91.5745,0.101,r1k2r2/1pp2p1b/2p2p1p/p6P/P1B1PbP1/1NPR1P2/1PK5/3R4 b - - 4 23
570,10,793562,3.8901,91.7646,0.319,r4r2/1kp2p1b/1pN2p1p/p1p4P/P1B1PbP1/2PR1P2/1PK5/3R4 w - - 2 26
575,10,714759,3.8496,91.941,0.296,2k1rr2/2p2p1b/1pN2p1p/2pB3P/P3PbP1/2PR1P2/1PK5/3R4 b - - 2 28
580,10,621946,3.7964,92.0646,0.241,k2Nrrb1/2p2p2/1p3p1p/2p4P/P1B1PbP1/2PR1P2/1PK5/3R4 w - - 7 31
585,10,131473,3.25,92.1975,0.052,k3rr2/2pR1N2/1p3p1p/2p4P/P3P1P1/2P2Pb1/1PK5/3R4 b - - 0 33
590,10,315517,3.5473,92.318,0.115,1k2rr2/2pR1N2/1p3p1p/7P/PP2PbP1/5P2/2K5/3R4 w - - 1 36
595,10,2175583,4.3029,92.5645,0.905,1k3r2/2pR1N2/4rp1p/P6P/4PbP1/1K3P2/8/3R4 b - - 2 38
600,10,428352,3.6575,92.7723,0.172,3Nrr2/2pR4/k4p1p/P6P/2K1PbP1/5P2/8/3R4 w - - 7 41
605,10,1459678,4.1345,92.9849,0.598,r4r2/1kpR4/5p1p/P2N3P/2K1PbP1/5P2/8/3R4 b - - 12 43
610,10,1381884,4.1119,93.4023,0.564,r4r2/1kpR4/5p1p/P2Nb2P/K3P1P1/5P2/8/3R4 w - - 17 46
615,10,203858,3.3957,93.5756,0.086,N4r2/1kpR4/5p1p/P6P/K3PbP1/8/8/3R4 b - - 0 48
620,10,530663,3.7366,93.7143,0.214,3R4/1kp5/r4p1p/P6P/K3P1P1/4b3/8/5R2 w - - 4 51
625,10,118651,3.2168,93.7758,0.049,1R1R4/2p5/r1k2p1p/P5bP/K3P1P1/8/8/8 b - - 9 53
630,10,167615,3.3299,93.833,0.067,4R3/2p5/r1k2p1p/P2R3P/K3PbP1/8/8/8 w - - 14 56
635,10,149978,3.2931,93.846,0.057,8/2p5/k4p1p/P4R1P/K3PbP1/8/8/8 b - - 1 58
640,10,44676,2.9175,93.857,0.017,8/k1p5/P4R1p/7P/K3P1P1/8/8/2b5 w - - 1 61
645,10,37678,2.8682,93.8682,0.015,8/k1p5/P4R1p/1K5P/4PbP1/8/8/8 b - - 6 63
650,10,33363,2.8335,93.8851,0.012,8/k1p1b3/P6p/1K3R1P/4P3/8/8/8 w - - 2 66
655,10,4991,2.3433,93.8964,0.002,8/k1p1bR2/P6p/1K5P/4P3/8/8/8 b - - 7 68
660,10,73914,3.0681,93.9027,0.025,8/k7/P1K2R1p/7P/4P3/b7/8/8 w - - 1 71
665,10,40231,2.8871,93.917,0.013,8/5R2/k1K1P2p/7P/1b6/8/8/8 b - - 0 73
670,10,11966700,5.1027,94.5868,3.87,4Q3/5R2/2K4p/7P/k7/2b5/8/8 w - - 1 76
675,10,686277,3.834,94.8004,0.219,8/1R6/1QK4p/7P/k7/2b5/8/8 b - - 6 78
680,10,843939,3.9141,94.9548,0.375,r1bqk2r/pppp1ppp/5n2/1B2p3/1b1nP3/2NP1N2/PPP2PPP/R1BQK2R w KQkq - 1 6
685,10,8039242,4.9037,95.3756,3.407,r1bqk2r/p1p2ppp/5n2/1p1PN3/1bBn4/2NP4/PPP2PPP/R1BQK2R b KQkq - 0 8
690,10,2041152,4.2755,95.6106,0.868,r1b1k2r/p1p1qppp/3b1n2/3PN3/2Pn4/2N5/PPP2PPP/R1BQ1RK1 w kq - 3 11
695,10,554786,3.7533,95.739,0.209,r1b2rk1/p1p1qppp/3b1nN1/3P1n2/2P2B2/2N5/PPP2PPP/R2QR1K1 b - - 8 13
700,10,1575279,4.1662,95.8145,0.658,r1b2qk1/p1p2pp1/5np1/3P1n2/2P5/2N5/PPP2PPP/R2QR1K1 w - - 0 16
705,10,430273,3.6591,95.9611,0.166,r1b3k1/2p2pp1/p2q1np1/3P1n2/P1P1N3/1P6/2P2PPP/R2QR1K1 b - - 2 18
710,10,695019,3.8388,96.0715,0.312,5rk1/2pb1pp1/p2q2p1/3P1n2/P1P1R3/1P6/2PQ1PPP/R5K1 w - - 3 21
715,10,1096874,4.0181,96.2451,0.494,3r2k1/2pb1pp1/p4qp1/2PP1n2/P3R3/1P5P/2PQ1PP1/4R1K1 b - - 0 23
720,10,477468,3.6974,96.3109,0.201,1r4k1/5pp1/p1pPbqp1/2P2n2/P1P1R3/1P5P/3Q1PP1/4R1K1 w - - 1 26
725,10,935607,3.9547,96.4324,0.414,3r2k1/3b1pp1/p1pP1qp1/P1P1Rn2/1PP5/7P/3Q1PP1/4R1K1 b - - 0 28
730,10,1175525,4.046,96.5577,0.495,1r6/3b1ppk/p1pP1qp1/P1P1R3/1PP1R2n/2Q4P/5PP1/6K1 w - - 5 31
735,10,155092,3.3041,96.6602,0.063,1r4k1/5pp1/p1pPbqp1/P1P1R1P1/1PP1RP1n/2Q4P/8/6K1 b - - 0 33
740,10,1445165,4.1304,96.7338,0.637,1r1q2k1/6p1/p1pPR1p1/P1P2nP1/1PP2P2/2Q4P/8/6K1 w - - 1 36
745,10,260563,3.4801,96.7753,0.108,1r6/3q2pk/p1pP2p1/P1P2nP1/1PP2P2/2Q4P/7K/4R3 b - - 6 38
750,10,269041,3.4913,96.8248,0.105,3r4/5qpk/p1pn2p1/P1P3P1/1PP2P2/2Q4P/8/4R2K w - - 0 41
755,10,242258,3.4548,96.8666,0.126,8/3q2pk/p1pr2p1/P5P1/1PP2P2/2Q1R2P/8/7K b - - 3 43
760,10,151523,3.2965,96.8952,0.063,8/6pk/p1p3p1/P1Pq2P1/1P1r1P2/2Q2R1P/8/7K w - - 1 46
765,10,242605,3.4553,96.9152,0.099,8/6pk/p1p3p1/P1P3P1/3Q1P2/5q1P/7K/8 b - - 1 48
770,10,342931,3.577,96.9352,0.138,8/6pk/p1p3p1/q1P3P1/3Q1P2/5K1P/8/8 w - - 0 51
775,10,322894,3.5555,96.9649,0.136,8/6pk/p1p1Q1p1/2P3P1/5P2/5K1P/7q/8 b - - 5 53
780,10,477517,3.6974,97.0381,0.209,8/6pk/2p3p1/2P3P1/5P2/p2Q1K1P/7q/8 w - - 0 56
785,10,613120,3.791,97.1203,0.279,8/6pk/2p3p1/2P3P1/3Q1P2/5K1P/p1q5/8 b - - 3 58
790,10,338626,3.5725,97.1557,0.12,8/6pk/2p3p1/2P3P1/5P2/6KP/8/q7 w - - 0 61
795,10,808374,3.8973,97.1972,0.266,8/6pk/2p3p1/2P3P1/4qP2/7P/5K2/8 b - - 5 63
800,10,118729,3.217,97.2147,0.035,8/6pk/2p3p1/2P3P1/8/3K3q/8/8 w - - 0 66
805,10,542043,3.7446,97.2325,0.164,8/6pk/2p3p1/2P3q1/3K4/8/8/8 b - - 1 68
810,10,304692,3.535,97.2515,0.093,8/6pk/2p5/2P5/5qp1/2K5/8/8 w - - 0 71
815,10,19659717,5.3624,97.6249,5.924,8/6pk/2p5/2P5/5q2/3K4/6p1/8 b - - 1 73
820,10,2796150,4.4122,97.952,1.166,rnbqk2r/pp2bppp/3pp3/3nP3/2BP4/5N2/PP3PPP/RNBQK2R w KQkq - 1 8
825,10,776361,3.8816,98.0318,0.347,rnb1k2r/ppq1bppp/3pp3/4P3/2BP4/1QP2N2/P4PPP/R1B1K2R b KQkq - 2 10
830,10,958727,3.9643,98.0984,0.416,r1b1k2r/ppq1bppp/4p3/4n3/2BP4/1QP2N2/P4PPP/R3K2R w KQkq - 0 13
835,10,812576,3.8993,98.2276,0.34,r1b2k1r/ppq2ppp/3bp3/1B6/2NP4/1QP5/P4PPP/R3K2R b KQ - 4 15
840,10,2900,2.2194,98.2759,0.001,r1b2k1r/pp3ppp/4p3/1B6/2NP4/1QP3q1/P7/R3K2R w KQ - 0 18
845,10,3262599,4.4808,98.4567,1.472,r1b2k1r/pp3pp1/4p3/1B2N2p/3P4/1QP5/P5q1/R2K1R2 b - - 3 20
850,10,1405437,4.1189,98.5712,0.578,r1b3kr/pp4p1/4p3/1B2NR2/P2P3p/1QP5/6q1/R2K4 w - - 0 23
855,10,554811,3.7533,98.6082,0.223,r1b3kr/pp4p1/4p3/3qN3/P1BP3p/1QP5/R7/3K1R2 b - - 5 25
860,10,1539993,4.1567,98.6872,0.609,r1b4k/pp2q1p1/4p3/8/P1BP3p/1QP5/R7/3K1R2 w - - 0 28
865,10,295794,3.5245,98.7279,0.127,1r5k/pp2q1p1/4Q3/8/P2P3p/2P5/4R3/3K1R2 b - - 0 30
870,10,531847,3.7375,98.7497,0.191,1r5k/p4Rp1/4R3/8/p2P3p/2P5/8/3K4 w - - 0 33
875,10,105489,3.1792,98.76,0.042,7k/R5p1/8/8/p2P4/2P1R2p/2K5/1r6 b - - 3 35
880,10,365801,3.6002,98.7763,0.121,7k/R5p1/8/3P4/p7/2PKR2p/8/7r w - - 3 38
885,10,264136,3.4848,98.7954,0.104,6k1/6p1/8/3P4/7R/2PK3R/7p/7r b - - 1 40
890,10,80,1.5499,98.8209,0.0,7R/6k1/8/3P2p1/8/2PK4/7R/3r4 w - - 1 43
895,10,77867,3.0841,98.8412,0.03,8/7R/5k1R/3P4/4K1p1/2P5/8/3r4 b - - 3 45
900,10,64,1.5157,98.8492,0.0,8/7R/5k2/3P3R/5Kp1/2P5/8/5r2 w - - 8 48
905,10,212546,3.4099,98.8553,0.081,8/7R/5k2/3P3R/4K3/2P5/8/5r2 b - - 4 50
910,10,805507,3.8959,98.8687,0.282,8/7R/5k2/2KP3R/8/2P5/3r4/8 w - - 9 53
915,10,322116,3.5547,98.8836,0.112,8/5R2/4R3/2KP1k2/8/2P5/3r4/8 b - - 14 55
920,10,1034466,3.9946,98.9052,0.365,8/5R2/3PR3/r1K3k1/2P5/8/8/8 w - - 1 58
925,10,5869241,4.7518,98.9746,1.882,8/2KP1R2/4R3/6k1/2P5/8/8/3r4 b - - 2 60
930,10,1961552,4.2585,99.0494,0.649,8/2KP1R2/6k1/3R4/2P5/8/8/r7 w - - 7 63
935,10,120407,3.2216,99.0812,0.04,3Q4/2K2k2/8/5R2/2P5/8/8/r7 b - - 2 65
940,10,1764638,4.2137,99.1003,0.564,6k1/2K5/5Q2/7R/2P5/8/8/r7 w - - 7 68
945,10,454062,3.6788,99.1407,0.195,r1bqkb1r/pp1pnppp/4p3/8/3QP3/6P1/PPP2PBP/RNB1K2R b KQkq - 2 7
950,10,1462455,4.1353,99.169,0.627,r1bqk2r/1p1p1ppp/p1n1p3/2b5/4P3/6P1/PPPQ1PBP/RNB2RK1 w kq - 0 10
955,10,1323783,4.0943,99.2175,0.526,r1bq1rk1/3p1ppp/p1n1p3/1pb5/4P3/P1N3P1/1PPQ1PBP/R1BR2K1 b - - 0 12
960,10,833327,3.9091,99.2437,0.382,3r1rk1/1b3ppp/pqn1p3/1pb5/4P3/P1N3P1/1PPQ1PBP/R1BR2K1 w - - 3 15
965,10,1376516,4.1103,99.3026,0.544,3r1rk1/1b4pp/pq2p3/1pb2p2/1P1nP3/P1N3P1/2PR1PBP/R1B1Q1K1 b - - 0 17
970,10,729869,3.8577,99.3313,0.314,3r1rk1/1b4pp/pq2pb2/1p6/1P1np3/P1N3P1/1BPR1PBP/R2Q2K1 w - - 0 20
975,10,398832,3.6314,99.3477,0.153,3R1rk1/6pp/pq2pb2/1p6/1P6/P1N2bP1/1BP2P1P/R2Q2K1 b - - 0 22
980,10,812542,3.8993,99.3527,0.322,5k2/6pp/1q2pb2/pp6/1P6/P1N3P1/1BP2P1P/3R2K1 w - - 0 25
985,10,319047,3.5513,99.3576,0.121,5k2/6pp/2q1pb2/1p6/1P6/2N1R1P1/1BP2P1P/6K1 b - - 2 27
990,10,925855,3.9505,99.3715,0.382,5k2/6pp/8/1p2p3/1Pqb4/2NR2P1/2P2P1P/B5K1 w - - 2 30
995,10,172243,3.339,99.3768,0.064,4k3/6pp/8/1p1Np3/1q1b4/5RP1/2P2PKP/B7 b - - 1 32
1000,10,700772,3.842,99.3851,0.279,4k3/6pp/8/1p6/3p1N2/5RP1/2q2PKP/8 w - - 0 35
1005,10,104073,3.1749,99.3922,0.037,8/3k3p/8/1p3N2/8/3p1RP1/2q2PKP/8 b - - 2 37
1010,10,133919,3.256,99.395,0.051,8/3k3p/8/8/1p2q3/5RP1/3p1PKP/3N4 w - - 0 40
1015,10,940077,3.9565,99.4055,0.358,8/3k3p/8/8/7P/1p2NRP1/3p1PK1/1q6 b - - 2 42
1020,10,303884,3.534,99.417,0.119,8/7p/8/2k5/1R5P/4N1P1/1p1p1PK1/1q6 w - - 4 45
1025,10,733268,3.8595,99.43,0.289,3R4/7p/8/1k6/7P/4N1P1/1p1p1PK1/2q5 b - - 9 47
1030,10,350429,3.5848,99.4427,0.137,8/7p/k1q5/8/7P/4N1P1/1p1R1PK1/8 w - - 1 50
1035,10,466130,3.6885,99.453,0.155,8/7p/k7/8/7P/5PP1/5RK1/1qq2N2 b - - 3 52
1040,10,487927,3.7054,99.4646,0.176,8/7p/k7/7P/6P1/5P2/5RK1/2q1qN2 w - - 1 55
1045,10,322344,3.5549,99.4698,0.103,8/7p/8/1k5P/6P1/5PNK/R7/2q3q1 b - - 6 57
1050,10,995281,3.9792,99.525,0.342,8/7p/8/1k5P/5qPK/5qN1/4R3/8 w - - 2 60
1055,10,56,1.4956,99.5372,0.0,8/7p/8/7P/5qPK/1k3qN1/1R6/8 b - - 7 62
1060,10,656887,3.8172,99.6135,0.288,rnbqkb1r/pp3p1p/3p1np1/4p3/4P3/1NN5/PPP1BPPP/R1BQK2R b KQkq - 1 7
1065,10,1103394,4.0204,99.6264,0.46,r1bqk2r/1p3pbp/2np1np1/p3p3/4P3/1NN5/PPP1BPPP/R1BQK2R w KQkq - 0 10
1070,10,860612,3.9218,99.6325,0.353,r2q1rk1/1p3pbp/2npbnp1/p3p3/P3P3/1NN1B3/1PP1BPPP/R2Q1RK1 b - - 4 12
1075,10,1171728,4.0447,99.6439,0.533,2rq1rk1/1p3pb1/3pbnpp/p3p3/Pn2P3/1NN1B2P/1PP1BPP1/2RQ1RK1 w - - 0 15
1080,10,4080047,4.5821,99.6642,1.793,2rq1rk1/1p3pb1/3pb1pp/pB2p3/Pn2Pn2/1NN1BP1P/1PPQ2P1/2R2RK1 b - - 4 17
1085,10,1259520,4.074,99.6796,0.526,2r2rk1/1pq2pb1/3pb1pp/pB6/P3PQ2/1NN2P1P/1Pn3P1/2R2RK1 w - - 0 20
1090,10,1065674,4.0065,99.6913,0.489,2r2rk1/1p3pb1/3p2pp/pBq5/P3PQ2/1bN2P1P/1P4P1/2R2R1K b - - 3 22
1095,10,613357,3.7912,99.6989,0.265,2r2rk1/1p3pb1/3p2pp/pB6/P2qP1P1/1bN2P1P/1P5Q/2R2R1K w - - 1 25
1100,10,456509,3.6808,99.7022,0.189,2r2rk1/1p3p2/3p2pp/pB6/P2bP1P1/1bN2P1P/1P2R3/2R4K b - - 2 27
1105,10,252866,3.4697,99.706,0.094,2r3k1/1p3p2/3p2pp/pBr5/P3P1P1/1bb2P1P/1P2R1K1/R7 w - - 0 30
1110,10,259674,3.4789,99.7094,0.103,2r2k2/1p3p2/3p2pp/p1r5/P1B1P1P1/5P1P/4R1K1/R7 b - - 0 32
1115,10,60816,3.0089,99.7119,0.022,2r2k2/1p3p2/3p2pp/8/Pp2P1P1/5P1P/6K1/R7 w - - 0 35
1120,10,289576,3.517,99.7138,0.106,8/1p2kp2/3p2pp/8/Ppr1P1P1/5P1P/4K3/1R6 b - - 5 37
1125,10,251182,3.4674,99.7155,0.105,8/5p2/1p2k1pp/3p4/Ppr1P1P1/1R1K1P1P/8/8 w - - 0 40
1130,10,211876,3.4089,99.717,0.083,8/5p2/1p2k3/3p3p/Ppr1P2P/3K1P2/8/1R6 b - - 1 42
1135,10,164337,3.3233,99.7194,0.065,8/5p2/1p6/3pk2p/Pp2P2P/5r2/3K4/6R1 w - - 0 45
1140,10,216582,3.4163,99.722,0.089,8/5p2/1p1P4/6Rp/P2k3P/1p3r2/3K4/8 b - - 0 47
1145,10,47873,2.9377,99.7226,0.021,8/5p2/1p1r4/7p/P6P/1pk5/8/2K3R1 w - - 0 50
1150,10,311136,3.5424,99.7248,0.128,8/5p2/1p6/7p/Pk5P/1p6/3r4/2K3R1 b - - 5 52
1155,10,102274,3.1694,99.7254,0.044,8/5p2/1p6/7p/P6P/kp6/7r/1KR5 w - - 10 55
1160,10,62349,3.0164,99.7262,0.026,8/5p2/1p6/7p/P7/kp6/7r/1K1R4 b - - 3 57
1165,10,76425,3.0784,99.7271,0.027,8/5p2/8/p7/7p/kp6/6r1/1K3R2 w - - 0 60
1170,10,331482,3.5649,99.728,0.094,8/5p2/8/p7/8/kp6/6rp/K1R5 b - - 1 62
1175,10,2771558,4.4083,99.7379,1.179,r1bqk2r/ppp2ppp/2np1n2/2b1p3/P1B1P3/2PP1N2/1P3PPP/RNBQK2R b KQkq - 0 6
1180,10,708119,3.846,99.7521,0.412,r1bq1rk1/1pp2ppp/1bnp1n2/p3p3/P1B1P3/2PP1N2/1P1N1PPP/R1BQ1RK1 w - - 4 9
1185,10,1992176,4.2651,99.7615,0.872,r2q1rk1/bpp2ppp/2npbn2/p3p3/P1N1P3/1BPP1N1P/1P3PP1/R1BQ1RK1 b - - 0 11
1190,10,1812544,4.225,99.7729,0.827,1r1qr1k1/bpp2pp1/2npbn1p/p3p3/P3P3/1BPPNN1P/1P3PP1/R1BQR1K1 w - - 4 14
1195,10,353399,3.5878,99.7833,0.149,1r1qr1k1/bppb1pp1/2np3p/p2Pp3/P5P1/1BPP1N1P/1P3P2/R1BQR1K1 b - - 0 16
1200,10,977773,3.9721,99.7904,0.397,1r1qr1k1/bppb1pp1/3p3p/p2Pp3/P2P1nP1/2P2N1P/1PB2P2/R1BQR1K1 w - - 3 19
1205,10,468065,3.69,99.7955,0.206,1r1qb1k1/bpp2pp1/3p3p/p2P4/P2P1pP1/2P2N1P/1PBQ1P2/R5K1 b - - 1 21
1210,10,2822144,4.4163,99.8057,1.077,1r1qb1k1/1p3pp1/1b1p3p/p2p4/P2P1QP1/2P2N1P/1PB2P2/4R1K1 w - - 2 24
1215,10,944119,3.9582,99.809,0.388,1r1qb3/1p3pk1/1b1p2pp/p2p4/P2P1QPP/2P2N2/1PB2P2/4R1K1 b - - 0 26
1220,10,1502831,4.1466,99.8169,0.611,2rq2k1/1p3p2/1bbp2pp/p2p4/P2P2PP/2P1RNQ1/1PB2P2/6K1 w - - 5 29
1225,10,967622,3.968,99.8228,0.4,3q4/1pr2pk1/1bbp2pp/p2p3P/P2P1QP1/2P1RN2/1PB2P2/5K2 b - - 0 31
1230,10,897072,3.9381,99.8255,0.329,5k2/1pr2p1Q/1bbp1q1p/p2p2pP/P2P2P1/2P1RN2/1PB2P2/5K2 w - - 4 34
1235,10,2741068,4.4034,99.8311,1.228,5k2/1p2rpq1/1bbp3p/p2p2pP/P2P2P1/2PQ1R2/1PB2P1N/5K2 b - - 9 36
1240,10,618057,3.794,99.8346,0.254,5qk1/1pb1rp2/2bp3p/p2p2pP/P2P2P1/1BPQ1R2/1P3P1N/6K1 w - - 14 39
1245,10,261452,3.4813,99.8382,0.122,2q3k1/1pb2p2/2bp3p/p2p2pP/P2P2P1/1BPQR3/1P3P2/6K1 b - - 0 41
1250,10,1270398,4.0775,99.8426,0.515,6k1/1p3p2/1bbp3p/p2p1Qpq/P2P4/1BP1R3/1P3P2/5K2 w - - 2 44
1255,10,164330,3.3233,99.8463,0.074,6k1/1p3p2/1bbp3p/p2p1Qp1/P2PB3/2P1R3/1P2KP2/8 b - - 0 46
1260,10,726096,3.8557,99.8497,0.283,6k1/1p3p2/1bbQ4/p6p/P2Pp1p1/2P1R3/1P2KP2/8 w - - 0 49
1265,10,566246,3.761,99.8527,0.225,5k2/1p3p2/1bb5/p2P4/P3p1pQ/2P1R3/1P2KP2/8 b - - 0 51
1270,10,1697173,4.1973,99.8563,0.637,8/1p2kp2/1Qb5/p7/P3p1p1/2P1R3/1P2KP2/8 w - - 1 54
1275,10,1464111,4.1358,99.8599,0.564,8/1p3p2/2b2k2/p7/P1Q1p1p1/2P3R1/1P2KP2/8 b - - 6 56
1280,10,1130290,4.0301,99.8702,0.407,8/1p3p2/2b5/p3k3/P1Q1pR2/2P5/1P2KP2/8 w - - 3 59
1285,10,6143945,4.7736,99.8881,2.081,8/1p3R2/3k4/p2b4/P1PQp3/8/1P2KP2/8 b - - 0 61
1290,10,12863074,5.1397,99.9298,4.339,8/1R6/k7/p2Q4/P1P1p3/8/1P2KP2/8 w - - 1 64
1295,10,872705,3.9272,99.9319,0.397,r1bq1rk1/pp2np1p/2npp1pQ/2p5/4P3/2NP2P1/PPP1NPBP/R3K2R b KQ - 0 10
1300,10,1484393,4.1415,99.9348,0.574,r1bq1rk1/pp2np1p/2n3pQ/2p1p3/3pP3/3P2P1/PPP1NPBP/RN3RK1 w - - 0 13
1305,10,692077,3.8372,99.9385,0.337,r1bq1rk1/p3n2p/2n2ppQ/1pp1p3/3pP3/2PP1NP1/PP2NPBP/R4RK1 b - - 0 15
1310,10,1722394,4.2035,99.9413,0.66,r1bq1rk1/4n2p/5ppQ/pp2p3/3pP3/3P1NP1/PP3PBP/R4RK1 w - - 0 18
1315,10,589398,3.7761,99.9425,0.263,r2q1rk1/4n2p/4bppQ/1p2p2P/p2pP3/P2P1NP1/1P3PB1/R4RK1 b - - 0 20
1320,10,1131455,4.0305,99.9443,0.441,r4rk1/4nb2/3q1ppQ/1p2p3/p2pP2N/P2P2P1/1P3PB1/R4RK1 w - - 2 23
1325,10,286725,3.5136,99.945,0.121,r4rk1/5b2/3q1p1Q/1p2pPp1/p2p4/P2P2P1/1P3PB1/3R1RK1 b - - 0 25
1330,10,430384,3.6592,99.9473,0.176,5rk1/r7/5p1Q/1p1qpPp1/p2p4/P2P2P1/1P3P2/3RR1K1 w - - 0 28
1335,10,1361891,4.106,99.9494,0.583,5rk1/r7/5p1Q/4pPp1/pp1p4/P2P2P1/qP2RPK1/3R4 b - - 1 30
1340,10,802,1.9517,99.95,0.001,5rk1/6r1/5p1Q/3qpPp1/p2p4/p2P2P1/1PR2PK1/7R w - - 4 33
1345,10,1093995,4.017,99.9512,0.495,5rk1/1q4r1/5p1Q/4pP2/p2p2pR/P2P1PP1/2R3K1/8 b - - 1 35
1350,10,613864,3.7915,99.9531,0.28,4r1k1/1q4r1/5p1Q/2R1pP2/p2p2pR/P2P2P1/7K/8 w - - 4 38
1355,10,2699345,4.3967,99.9546,1.23,4r3/1q2k1r1/5p2/2R1pP1Q/p2p2R1/P2P2P1/7K/8 b - - 0 40
1360,10,2113330,4.2904,99.9575,0.927,5r2/1q2kr2/5pQ1/2R1pP2/p2p3R/P2P2P1/7K/8 w - - 5 43
1365,10,78731,3.0876,99.9609,0.033,R2k1r2/2q2r2/5pQ1/4pP2/p2pR3/P2P2P1/7K/8 b - - 10 45
1370,10,585572,3.7736,99.9636,0.261,3k1r2/3q1r2/R4pQ1/4pP2/p2p3R/P2P2P1/7K/8 w - - 15 48
1375,10,20,1.3493,99.9643,0.0,R4r2/3qk2Q/5p2/4pP2/p2p4/P2P2P1/7K/8 b - - 0 50
1380,10,535779,3.7402,99.9648,0.23,RQ6/2q2r2/3k1p2/4pP2/p2p4/P2P2P1/7K/8 w - - 5 53
1385,10,464825,3.6875,99.9657,0.19,6Q1/3k1r2/R4p2/4pP2/p2p4/P2P2PK/2q5/8 b - - 10 55
1390,10,428316,3.6574,99.967,0.14,6Q1/5q2/3k1p2/4pP2/p2p4/P2P2PK/8/8 w - - 0 58
1395,10,170585,3.3358,99.9679,0.053,8/8/8/2k1QP2/p2pp3/P2P2PK/8/8 b - - 1 60
1400,10,38121286,5.7295,99.9757,12.921,8/5P2/2k5/4Q3/p2p4/P2p2PK/8/8 w - - 1 63
1405,10,962928,3.9661,99.9831,0.434,r1bq1rk1/pp2ppbp/2np1np1/2p5/4P2P/2NP2P1/PPP1NPB1/R1BQK2R w KQ - 3 8
1410,10,1244234,4.069,99.9839,0.512,2rq1rk1/pp2ppbp/2np1np1/2pN4/4P1bP/2PP2P1/PP2NPB1/R1BQ1RK1 b - - 0 10
1415,10,722044,3.8535,99.984,0.35,2rq1rk1/pp1nppbp/3p2p1/2pP4/5PbP/2PP2P1/PP2N1B1/R1BQ1RK1 w - - 1 13
1420,10,1714207,4.2015,99.9844,0.735,2rq1rk1/pp2ppbp/3p1np1/2pP1b2/P2P1P1P/2P1B1P1/1P2N1B1/R2Q1RK1 b - - 0 15
1425,10,247003,3.4615,99.9849,0.117,2rq1rk1/1p2ppbp/3p2p1/p2P1b2/P1pP1PnP/R1P3P1/1P2N1B1/2BQ1RK1 w - - 0 18
1430,10,1021333,3.9895,99.9853,0.411,2r2rk1/1p1qppbp/3p2p1/p2P4/P1pP1PnP/1PPb1BP1/4N3/R1BQ1RK1 b - - 4 20
1435,10,491756,3.7083,99.9857,0.219,2r2rk1/1p2ppbp/3p2p1/p2P4/P1pPqPnP/1PP3P1/3BN3/R2Q1RK1 w - - 0 23
1440,10,1650829,4.1857,99.9864,0.645,5rk1/1p2ppbp/3p2p1/p2q1P2/P1rP2nP/2P3P1/3BN3/1R1Q1RK1 b - - 0 25
1445,10,2197517,4.3072,99.9871,0.997,5rk1/1p2ppbp/3p4/pR3p2/P1rP1RnP/2Pq2P1/3BN3/3Q2K1 w - - 4 28
1450,10,2108324,4.2894,99.9877,0.92,5rk1/1R2ppbp/3p4/p4p2/P2P1RnP/2N3q1/3B4/3Q1K2 b - - 1 30
1455,10,1637782,4.1824,99.988,0.739,5rk1/1q2ppbp/3p4/p4p2/P2P1RnP/2NK4/3B4/3Q4 w - - 0 33
1460,10,3775093,4.5467,99.9888,1.695,5rk1/5pbp/3pp3/p7/Pq1P1RnP/2NK1Q2/3B4/8 b - - 3 35
1465,10,555584,3.7538,99.9893,0.245,6k1/5pb1/3pp3/p6p/Pq1P1RnP/2r5/3BK1Q1/8 w - - 0 38
1470,10,462357,3.6855,99.9896,0.199,5bk1/5p2/3pp3/p6p/P2P1RnP/2q2Q2/4K3/8 b - - 1 40
1475,10,145332,3.2827,99.9898,0.06,5bk1/5p2/4p3/p2p4/P1qP2pP/5Q2/8/4K3 w - - 0 43
1480,10,40,1.4461,99.99,0.0,6k1/5p2/4p3/p2p4/P1qb2QP/8/8/4K3 b - - 1 45
1485,10,209480,3.405,99.9903,0.089,3Q4/5pk1/4p3/p2p4/q2b3P/8/8/4K3 w - - 2 48
1490,10,41,1.4497,99.9905,0.0,6k1/5p2/4p3/p2p2Q1/q2b3P/8/8/4K3 b - - 7 50
1495,10,1379916,4.1114,99.9912,0.545,6k1/5pb1/4p3/3p2Q1/p6P/8/5K2/3q4 w - - 0 53
1500,10,503178,3.7168,99.9913,0.195,6k1/5pb1/4p2P/3p2Q1/3q4/p7/6K1/8 b - - 2 55
1505,10,141779,3.2746,99.9929,0.052,6k1/5pP1/4p3/3p2Q1/4q3/8/5K2/q7 w - - 0 58
1510,10,532134,3.7377,99.995,0.232,r1bq1rk1/pp2ppbp/2np1np1/2p5/4P2P/2NP2P1/PPP1NPB1/R1BQ1RK1 b - - 4 8
1515,10,142406,3.2761,99.9951,0.057,2rq1rk1/pp2ppbp/2np2p1/2pn4/4P1bP/2PP2P1/PP2NPB1/R1BQ1RK1 w - - 0 11
1520,10,463572,3.6865,99.9951,0.214,2rq1rk1/pp1nppbp/3p2p1/2pP4/5PbP/2PPB1P1/PP2N1B1/R2Q1RK1 b - - 2 13
1525,10,275785,3.4999,99.9951,0.125,2rq1rk1/pp2ppbp/3p2p1/2pP1b2/P2P1PnP/2P1B1P1/1P2N1B1/R2Q1RK1 w - - 1 16
1530,10,457482,3.6816,99.9952,0.188,2rq1rk1/1p2ppbp/3p2p1/p2P1b2/P1pP1PnP/RPP3P1/4N1B1/2BQ1RK1 b - - 0 18
1535,10,241188,3.4533,99.9952,0.109,2r2rk1/1p2ppbp/3p2p1/p2P1q2/P1pP1PnP/1PPb1BP1/4N3/R1BQ1RK1 w - - 5 21
1540,10,526142,3.7334,99.9952,0.206,2r2rk1/1p2ppbp/3p2p1/p2P4/P1pPqPnP/1PP3P1/3BN3/1R1Q1RK1 b - - 1 23
1545,10,1840480,4.2315,99.9953,0.804,5rk1/1p2ppbp/3p4/p2q1p2/P1rP2nP/2P3P1/3BN3/1R1Q1RK1 w - - 0 26
1550,10,1274391,4.0788,99.9954,0.567,5rk1/1R2ppbp/3p4/p4p2/P1rP1RnP/2Pq2P1/3BN3/3Q2K1 b - - 0 28
1555,10,26938,2.7736,99.9954,0.014,5rk1/1R2ppbp/3p4/p4p2/P2P1RnP/2N4q/3B4/3Q1K2 w - - 2 31
1560,10,708354,3.8461,99.9955,0.301,5rk1/1q2ppbp/3p4/p4R2/P2P2nP/2NK4/3B4/3Q4 b - - 0 33
1565,10,822989,3.9043,99.9956,0.377,5rk1/5pb1/3pp3/p6p/Pq1P1RnP/2NK1Q2/3B4/8 w - - 0 36
1570,10,40,1.4461,99.9957,0.0,Q5k1/5pb1/3pp3/p6p/Pq1P1RnP/2r5/3BK3/8 b - - 1 38
1575,10,86156,3.1155,99.9958,0.037,5bk1/5p2/3pp3/p6p/P1qP1RnP/5Q2/4K3/8 w - - 2 41
1580,10,44,1.46,99.9958,0.0,5bk1/5p2/4p3/p2p4/P1qP2QP/8/8/4K3 b - - 0 43
1585,10,236768,3.4469,99.9958,0.095,5k2/5p2/4p3/p2p4/P1qb2QP/8/8/4K3 w - - 2 46
1590,10,418032,3.6486,99.9959,0.171,8/5pk1/4p3/p2p2Q1/q2b3P/8/8/4K3 b - - 3 48
1595,10,1320725,4.0934,99.996,0.531,6k1/5pb1/4p3/p2p2Q1/q6P/8/8/4K3 w - - 8 51
1600,10,911839,3.9445,99.996,0.343,6k1/5pb1/4p3/3p2QP/p7/8/5K2/3q4 b - - 0 53
1605,10,8472106,4.9295,99.9963,3.2,6k1/5pb1/4p2P/3p2Q1/3q4/8/p5K1/8 w - - 0 56
1610,10,20,1.3493,99.9963,0.0,3Q2k1/5pP1/4p3/3p4/4q3/8/5K2/q7 b - - 1 58
1615,10,470003,3.6916,99.9964,0.205,r1bqk2r/pp2ppbp/2Np2p1/8/4P1n1/2N1B3/PPPQBPPP/R3K2R b KQkq - 0 9
1620,10,1514560,4.1498,99.9965,0.654,r2qk2r/p3ppbp/3p2p1/2p5/4P1b1/2N1B3/PPPQ1PPP/R4RK1 w kq - 0 12
1625,10,371335,3.6056,99.9966,0.145,1r2k2r/p3ppbp/3p2p1/q1pN4/4P1b1/1P2B3/P1PQ1PPP/4RRK1 b k - 2 14
1630,10,1622034,4.1784,99.9967,0.782,1r2k2r/p3pp1p/3pb1pQ/2pN4/4P3/1P6/q1P2PPP/4RRK1 w k - 1 17
1635,10,422755,3.6527,99.9967,0.175,1r5r/p2kp2p/3pp1pQ/2p5/4P3/1P6/q1P2PPP/2R2RK1 b - - 1 19
1640,10,1690747,4.1957,99.9969,0.751,1r5r/3kp2p/4p1pQ/2ppP3/P7/8/q1P2PPP/2R2RK1 w - - 0 22
1645,10,855891,3.9196,99.9969,0.387,1r5r/3kp2p/P3p1pQ/2ppP3/8/8/4qPPP/R4RK1 b - - 0 24
1650,10,4343666,4.6109,99.9971,2.036,r6r/P2kp2p/3qp1pQ/2pp4/8/8/5PPP/R3R1K1 w - - 3 27
1655,10,1402405,4.118,99.9973,0.674,r6r/P2kp2p/Rq2p1pQ/3p4/2p5/8/5PPP/R5K1 b - - 1 29
1660,10,1189272,4.0507,99.9974,0.541,r6r/P2kp2p/R3p1p1/3p1q2/2p5/7Q/5PPP/3R2K1 w - - 6 32
1665,10,295219,3.5238,99.9975,0.135,r6r/P3pk1p/4R1p1/3p1q2/2p5/Q7/5PPP/4R1K1 b - - 0 34
1670,10,799514,3.893,99.9975,0.331,r6r/P2kp2p/6p1/3p4/2p5/4Q3/5PPP/6K1 w - - 2 37
1675,10,290584,3.5183,99.9976,0.121,r6r/P6p/3kp1p1/3p4/2pQ4/8/5PPP/6K1 b - - 3 39
1680,10,593072,3.7784,99.9977,0.242,r6r/P7/4p1p1/3p1k1p/2p5/8/1Q3PPP/6K1 w - - 4 42
1685,10,49,1.4758,99.9978,0.0,r6r/P7/4Q1p1/3p3p/2p1k3/8/6PP/6K1 b - - 0 44
1690,10,559532,3.7565,99.9978,0.238,r4r2/P7/1Q6/3p3p/2p5/3k4/6PP/6K1 w - - 3 47
1695,10,728340,3.8569,99.9978,0.309,r4r2/P7/8/3pQ2p/2p5/8/2k3PP/6K1 b - - 8 49
1700,10,219657,3.4212,99.9979,0.102,4rr2/P7/8/3p4/2p5/6Pp/2k4P/Q5K1 w - - 0 52
1705,10,674479,3.8273,99.9979,0.302,4rr2/P7/8/8/2pp2P1/3k3p/7P/Q5K1 b - - 0 54
1710,10,23321,2.7339,99.9979,0.011,4rr2/P7/8/8/Q2p2P1/2pk3p/7P/6K1 w - - 4 57
1715,10,679876,3.8304,99.9979,0.278,rn1qk2r/pbppbppp/1p2pn2/8/2PP4/5NP1/PP2PPBP/RNBQ1RK1 b kq - 4 6
1720,10,1235208,4.0661,99.998,0.527,rn1q1rk1/1bppbppp/1p3n2/p2p4/2P5/2N2NP1/PP2PPBP/R1BQ1RK1 w - - 0 9
1725,10,2671944,4.3922,99.9981,1.216,rn1qr1k1/1bpp1ppp/1p3n2/p1bP1N2/8/2N3P1/PP2PPBP/R1BQ1RK1 b - - 4 11
1730,10,2197411,4.3072,99.9983,1.031,r2qr1k1/1bpn1p1p/1p1p1np1/p1bP1N2/N4B2/6P1/PP2PPBP/R2Q1RK1 w - - 0 14
1735,10,2444559,4.3533,99.9984,1.044,r2qr3/1bpn1pkp/1p1p2pN/p1bP3n/N7/P5P1/1P2PPBP/R1BQ1RK1 b - - 2 16
1740,10,1239415,4.0674,99.9985,0.509,r2qr3/1bp3kp/3p2p1/ppnP1p1n/6N1/P5P1/1P2PPBP/R1BQ1RK1 w - - 0 19
1745,10,29478,2.7987,99.9985,0.011,r3r3/1bp3kp/3p1qpB/ppnP1p2/3Q4/P5P1/1P2PPBP/R4RK1 b - - 1 21
1750,10,535703,3.7402,99.9985,0.201,r3r3/1bp4p/3p1kp1/pp1P1p2/8/Pn2B1P1/1P2PPBP/R4RK1 w - - 2 24
1755,10,431797,3.6604,99.9985,0.165,r3r3/2p4p/b2p1kp1/p2P1p2/1p6/Pn2BBP1/1P2PP1P/3RR1K1 b - - 3 26
1760,10,1033712,3.9943,99.9986,0.399,r3r3/2p5/b2p2k1/p2P1ppp/1p6/Pn2BBPP/1P2PPK1/3RR3 w - - 0 29
1765,10,776914,3.8818,99.9986,0.299,r3r3/2p5/3p2k1/p2P1p1p/1pb3p1/Pn2B1PP/1P2PPB1/3RR2K b - - 3 31
1770,10,752511,3.8695,99.9986,0.292,4r3/2p5/3p2k1/p2Pr2p/1pb3p1/Pn2B1P1/1P2PPB1/3RR1K1 w - - 2 34
1775,10,713092,3.8487,99.9986,0.264,4r3/2p4k/3p4/p2Pr2p/1pb3p1/Pn2B1P1/1P2PPB1/3RRK2 b - - 7 36
1780,10,371410,3.6057,99.9987,0.148,4r3/B1p5/3p2k1/p2Pr2p/1Pb3p1/1n4P1/1P2PPB1/3RRK2 w - - 1 39
1785,10,549487,3.7497,99.9987,0.202,1r6/2p5/3p2k1/3Pr2p/1pbB2p1/1n4P1/1P2PP2/3RRK1B b - - 3 41
1790,10,286352,3.5131,99.9987,0.116,r3r3/2p2k2/3p4/3P3p/1pb3p1/1n2B1P1/1P2PP2/3RR1KB w - - 8 44
1795,10,387109,3.6206,99.9987,0.145,8/2p2k2/3p4/3Pr2p/1pb3p1/1n2B1P1/rP2PPBK/1R2R3 b - - 13 46
1800,10,255704,3.4736,99.9987,0.1,8/2p5/3p2k1/3Pr2p/1pb3p1/1n2B1P1/2r1PPBK/1R2R3 w - - 2 49
1805,10,492087,3.7086,99.9987,0.198,4r3/2p5/3p2k1/3P3p/1pb3p1/1n2B1P1/2r1PPB1/1R2R1K1 b - - 7 51
1810,10,1975,2.1358,99.9987,0.002,4r3/2p2k2/3p4/3P3p/1pb3p1/1n2B1P1/2r1PPB1/1R2R1K1 w - - 12 54
1815,10,893325,3.9364,99.9988,0.382,r1b2rk1/pp1nqppp/2pbpn2/3p4/2PP4/1PN1PN2/PB2BPPP/R2Q1RK1 b - - 2 9
1820,10,2133637,4.2945,99.9988,0.896,r4rk1/1b1nqppp/1ppbpn2/p2p4/P1PP4/1PN1PN2/1BQ1BPPP/R4RK1 w - - 2 12
1825,10,1287003,4.0828,99.9989,0.528,r2r2k1/1b1nqppp/1ppbpn2/p7/P1PP4/2NBPN2/1BQ2PPP/4RRK1 b - - 0 14
1830,10,491630,3.7082,99.9989,0.185,r2r2k1/3nqpp1/1p1bpn1p/pNp5/P1PP4/3BPb1P/1BQ2PP1/4RRK1 w - - 0 17
1835,10,442119,3.6691,99.9989,0.177,r2r2k1/3nqpp1/1p1Np2p/p6n/P1PP4/3B1P1P/1BQ2P2/4RRK1 b - - 0 19
1840,10,867423,3.9249,99.999,0.369,2rr3k/3n1pp1/1p1qp2p/p6n/P1PPB3/5P1P/1BQ2P2/4RRK1 w - - 4 22
1845,10,329278,3.5625,99.999,0.11,3r3k/2rn2p1/1p1qp2p/p4p1n/P1PP4/3B1P1P/1BQ2P2/4RRK1 b - - 1 24
1850,10,1671591,4.191,99.9991,0.718,5nrk/2r3p1/1p1qp2p/p4p2/P1PP1n1P/3B1P2/1B1Q1P2/4RRK1 w - - 3 27
1855,10,264198,3.4849,99.9991,0.105,5nrk/6p1/1p2p2p/p1rPRp2/P1P2n1P/3B1P2/3Q1P2/5RK1 b - - 0 29
1860,10,642515,3.8088,99.9991,0.273,2r4k/6p1/1p2P1np/p1r2p2/P1P4P/3B1P2/3Q1P2/5RK1 w - - 1 32
1865,10,367190,3.6015,99.9991,0.158,3r3k/4n1p1/1p2P2p/p1r2p1P/P1P4Q/3B1P2/5P2/5RK1 b - - 4 34
1870,10,341135,3.5751,99.9991,0.133,4r2k/4n1p1/1Qr1P2p/p4p1P/P1P5/3B1P2/5P2/5RK1 w - - 1 37
1875,10,586009,3.7739,99.9991,0.243,2r4k/2r1n1p1/4P2p/Q4p1P/P1P5/3B1P2/5P2/4R1K1 b - - 0 39
1880,10,169811,3.3342,99.9991,0.063,2r3k1/2r1n1p1/4P2p/5p1P/P1P2Q2/3B1P2/5P2/4R1K1 w - - 5 42
1885,10,779428,3.8831,99.9992,0.332,2r3k1/r3n3/3QP1Pp/P4p2/2P5/3B1P2/5P2/4R1K1 b - - 0 44
1890,10,626581,3.7992,99.9992,0.253,4r1k1/4n3/r3P1Pp/P1Q2B2/2P5/5P2/5P2/4R1K1 w - - 1 47
1895,10,24,1.3741,99.9992,0.0,4r3/4n1kQ/r3P1P1/P7/2P1B3/5P2/5P2/4R1K1 b - - 2 49
1900,10,8021576,4.9026,99.9995,2.799,4r3/1B2nQ2/r2kP1P1/P7/2P5/5P2/5P2/4R1K1 w - - 7 52
1905,10,9447296,4.9835,99.9996,3.336,4r3/1B2n3/r3P1P1/P7/1kPQ4/5P2/5P2/4R1K1 b - - 12 54
1910,10,739910,3.8629,99.9997,0.319,r1bqk2r/2p1bppp/p2p1n2/np2p3/4P3/1B3N1P/PPPP1PP1/RNBQR1K1 w kq - 1 9
1915,10,1321526,4.0936,99.9997,0.569,r2q1rk1/1bp1bppp/p2p1n2/np2p3/4P3/1BNPBN1P/PPP2PP1/R2QR1K1 b - - 4 11
1920,10,512602,3.7237,99.9997,0.219,2rq1rk1/1bp1bpp1/p2p1n1p/1p2p3/4P1P1/1nNPBN1P/PPPQ1P2/R3R1K1 w - - 0 14
1925,10,224858,3.4292,99.9997,0.101,2rq1rk1/1bp1bpp1/p4n1p/3Pp3/1p2N1P1/1P1PBN1P/1PPQ1P2/R3R1K1 b - - 1 16
1930,10,320554,3.553,99.9997,0.129,2r2rk1/1bp2pp1/p3qn1p/2b1p3/1pP3P1/1P1PBN1P/1P1Q1P2/R3R1K1 w - - 0 19
1935,10,676079,3.8282,99.9997,0.278,2r1r1k1/1bp2pp1/p1q2n1p/4p3/1BP3P1/1P1PQN1P/1P3P2/R3R1K1 b - - 0 21
1940,10,446515,3.6727,99.9997,0.183,2r1r1k1/2p2ppn/R6p/4p3/1BP3P1/1P1P1b1P/1P3P2/4R1K1 w - - 1 24
1945,10,627404,3.7997,99.9997,0.266,2r1r1k1/2p2pp1/R6p/4p1n1/2P3P1/1PBPR2P/1P3P1K/3b4 b - - 6 26
1950,10,350691,3.585,99.9997,0.14,2rr2k1/2p3p1/R4p1p/2P1p1n1/1P4P1/2BPR2P/1Pb2P1K/8 w - - 1 29
1955,10,644514,3.81,99.9997,0.264,2rr2k1/R1p2np1/5p1p/2P1p3/1P4PP/1PBbR3/5P1K/8 b - - 0 31
1960,10,349416,3.5837,99.9997,0.139,2rr2k1/R1p3p1/7p/2P1p3/1P2p1PP/1P1bR1K1/5P2/8 w - - 0 34
1965,10,247580,3.4624,99.9997,0.099,2r3k1/R1p3p1/7p/1bP1p3/6PP/1P1rR1K1/5P2/8 b - - 2 36
1970,10,330065,3.5634,99.9998,0.131,2r3k1/R1p3p1/2b4p/2P4P/1P2p1P1/4R1K1/5P2/3r4 w - - 1 39
1975,10,383954,3.6177,99.9998,0.153,2r3k1/2p3p1/R1b4p/2P4P/1P2p1P1/4R1K1/5P2/1r6 b - - 6 41
1980,10,120930,3.2229,99.9998,0.049,5rk1/R1p3p1/7p/2Pb3P/1P2p1P1/4R1K1/5P2/6r1 w - - 11 44
1985,10,1377229,4.1106,99.9998,0.527,6k1/2R3p1/7p/2Pb3P/1P2p1r1/4R2K/5r2/8 b - - 1 46
1990,10,410473,3.6419,99.9998,0.154,4R3/5kp1/7p/2P4P/1Pb1p3/4R2K/5r2/6r1 w - - 6 49
1995,10,3149,2.2378,99.9998,0.001,8/4k1p1/4R2p/2P4P/1P6/7K/5r2/6r1 b - - 0 51
2000,10,203725,3.3955,99.9998,0.068,8/6p1/2P4p/1P5P/5k2/7K/5r2/6r1 w - - 1 54
2005,10,553998,3.7528,99.9998,0.246,r1bq1rk1/pp1pppbp/2n2np1/8/2Pp4/2N2NPP/PP2PPB1/R1BQK2R w KQ - 0 8
2010,10,744489,3.8653,99.9998,0.319,r1bqr1k1/pp1pppbp/5np1/8/2PB4/2N3PP/PP2PPB1/R2QK2R b KQ - 0 10
2015,10,982790,3.9742,99.9998,0.397,r1b1r1k1/pp2qpbp/3p1np1/4p3/2P5/1PN1B1PP/P3PPB1/R2QK2R w KQ - 2 13
2020,10,1230121,4.0644,99.9998,0.541,r2r2k1/pp2qpbp/3p1np1/1N2pb2/2P5/1P2B1PP/P2QPPB1/3RK2R b K - 7 15
2025,10,973405,3.9704,99.9998,0.448,r2r2k1/pp2qpbp/3p2p1/1N2pb2/2P5/1P2BPPP/P2QP3/3RK2R w K - 1 18
2030,10,2153775,4.2985,99.9998,1.021,r2r2k1/ppq2pbp/3Nb1p1/2P1p3/1Q6/1P2BPPP/P3P3/3RK2R b K - 2 20
2035,10,1456634,4.1337,99.9998,0.623,r5k1/1pqr1p1p/3Nbbp1/p1P1p3/Q7/1P2BPPP/P3PK2/3R3R w - - 2 23
2040,10,1194623,4.0525,99.9998,0.536,5rk1/1pqr1p1p/3Nbbp1/p1P1p3/Q7/1P2BPPP/P2RP1K1/3R4 b - - 7 25
2045,10,952373,3.9617,99.9998,0.348,5rk1/1pq1rpb1/4b1p1/p1P1p2p/Q3N1P1/1P2BP1P/P2RP1K1/3R4 w - - 2 28
2050,10,1672350,4.1911,99.9998,0.748,4rrk1/1pq2pb1/1R2b1p1/p1P1p3/Q3N1P1/1P2BP2/P3P1K1/3R4 b - - 2 30
2055,10,1437514,4.1282,99.9998,0.551,1rb2rk1/1p2qpb1/1R4p1/p1P1p1N1/2Q3P1/1P2BP2/P3P1K1/3R4 w - - 7 33
2060,10,1732828,4.2061,99.9999,0.724,r4rk1/1p2qpb1/4b1R1/p1P1p1N1/4Q1P1/1P2BP2/P3P1K1/7R b - - 4 35
2065,10,2141344,4.296,99.9999,0.818,6k1/1p2q1b1/r3PrR1/p1P1p1N1/4Q3/1P2BP2/P3P1K1/7R w - - 1 38
2070,10,2201805,4.308,99.9999,0.879,5k2/1p2qNbR/r3P1Q1/p1P1p3/8/1P2BP2/P3P1K1/8 b - - 2 40
2075,10,40862445,5.7694,99.9999,14.838,8/1p2kNbR/r4qQ1/p1P3B1/4p3/1P3P2/P3P1K1/8 w - - 0 43
2080,10,14794901,5.2121,100.0,5.061,8/1p1k1NR1/r4BQ1/p1P5/8/1P3P2/P5K1/8 b - - 0 45
2085,10,80468211,6.1739,100.0,25.947,1k6/1p4R1/4NBQ1/p1P5/8/1P3P2/P5K1/8 w - - 1 48
2090,10,8043927,4.904,100.0,3.64,r1bqk2r/pp1nbppp/2n1p3/3pP3/3P1P2/5N2/PP2N1PP/R1BQKB1R b KQkq - 0 9
2095,10,6314677,4.7867,100.0,2.838,r1b2rk1/pp1nb1pp/1qn1pp2/3pP3/3P1P2/5NP1/PP2N1BP/R1BQK2R w KQ - 0 12
2100,10,2532738,4.3688,100.0,1.035,r1b2r1k/pp1nb1pp/1qn1p3/3pP3/3P4/P4NP1/1P2N1BP/R1BQKR2 b Q - 0 14
2105,10,1203245,4.0554,100.0,0.559,r1bn1r1k/1p1nb2p/1q2p3/p2pP1p1/3P1N2/P4NPP/1P4B1/R1BQKR2 w Q - 0 17
2110,10,1341529,4.0998,100.0,0.615,r1bn3k/1p1nbr2/1q2p1Qp/p2pP1p1/3P4/P4NPP/1P2N1B1/R1B1KR2 b Q - 3 19
2115,10,3415276,4.5013,100.0,1.556,r2n1n1k/1p1bb2r/1q2p2p/p2pP1pQ/3P3P/P4NP1/1P2N1B1/R1B1KR2 w Q - 1 22
2120,10,1433171,4.127,100.0,0.605,r4n1k/1p1bbn1r/1q2p3/p2pP1N1/3P2Q1/P5P1/1P2N1B1/R1B1KR2 b Q - 0 24
2125,10,2658948,4.3901,100.0,1.186,r4n1k/1p1bb2r/4p3/p2pP1B1/3P2Q1/q5P1/4N1B1/3RKR2 w - - 0 27
2130,10,2894,2.219,100.0,0.001,r4n1k/1p1b1r2/4pP2/p2p3Q/3P4/q5P1/4N1B1/3RKR2 b - - 2 29
2135,10,971814,3.9697,100.0,0.443,r4n1k/1p5r/4pP2/p2p3b/3P2Q1/q5P1/4NKB1/3R1R2 w - - 7 32
2140,10,3972735,4.5699,100.0,1.815,r6k/1p5r/4pPn1/p2p4/3P2Q1/q5P1/4K1B1/3R1R2 b - - 2 34
2145,10,40,1.4461,100.0,0.0,r6k/1p5r/4pPn1/p2p4/3P2Q1/6P1/3R2B1/1q2KR2 w - - 7 37
2150,10,1678362,4.1926,100.0,0.759,r6k/1p5r/4pPn1/p2p4/3P2Q1/2q3P1/5RB1/3R1K2 b - - 12 39
2155,10,1485947,4.1419,100.0,0.637,r4n1k/1p5r/4pP2/p2p4/3P2Q1/1q4P1/5RB1/4R1K1 w - - 17 42
2160,10,1376593,4.1104,100.0,0.57,r6k/1p5B/4pR2/p2p4/3P2Q1/1q4P1/8/4R1K1 b - - 0 44
2165,10,30,1.4051,100.0,0.0,5r1k/1p6/4R3/p2p4/3P2Q1/6P1/8/1B2q1K1 w - - 0 47
2170,10,10,1.2589,100.0,0.0,5r2/1p4kQ/8/3p4/p2P4/6P1/8/1B2R1K1 b - - 3 49
2175,10,2046197,4.2766,100.0,0.889,rnbq1rk1/pp2ppbp/3p1np1/8/3NP3/2N5/PPP1BPPP/R1BQ1RK1 w - - 4 8
2180,10,686900,3.8343,100.0,0.303,r1bq1rk1/p3ppbp/2pp1np1/8/4P3/2N1B2P/PPP1BPP1/R2Q1RK1 b - - 1 10
2185,10,1849476,4.2336,100.0,0.802,r1bq1rk1/p2n1pbp/2p1p1p1/3pP3/5P2/2N1B2P/PPP1B1P1/R2Q1RK1 w - - 0 13
2190,10,3141739,4.4639,100.0,1.408,r1bq1rk1/p2n1pbp/2p1p3/3pP3/5P2/2N1BB1P/PPP5/R2Q1RK1 b - - 0 15
2195,10,1435873,4.1277,100.0,0.672,r1b2rk1/p2n2bp/2p1p1q1/3p4/5P2/2N1B2P/PPP3B1/R2Q1RK1 w - - 2 18
2200,10,1709134,4.2003,100.0,0.672,1r3rk1/p2n2bp/b1p1p1q1/3p4/N4P2/4B2P/PPPQ1RB1/R5K1 b - - 7 20
2205,10,1520715,4.1515,100.0,0.695,1r3rk1/p5bp/2p1pn1q/3p4/N1b2P2/4B2P/PPPQ1RBK/6R1 w - - 12 23
2210,10,2884290,4.4259,100.0,1.213,1r3r1k/p5bp/2p1p2q/3p4/N1b2P2/4B2P/PPPQ1RBK/6R1 b - - 2 25
2215,10,1856486,4.2352,100.0,0.824,1r3r1k/p5bp/2p5/2NppP1q/8/4B2P/bPPQ1RBK/6R1 w - - 1 28
2220,10,1548820,4.1591,100.0,0.733,1r3r1k/p2N1qbp/2B5/4pPB1/3p4/7P/bPPQ1R1K/6R1 b - - 0 30
2225,10,1237214,4.0667,100.0,0.476,1r3r1k/p2N1qbp/2B2P2/8/8/4p2P/bPPQ1R1K/6R1 w - - 0 33
2230,10,4238653,4.5996,100.0,1.749,5r1k/p2N2qp/2B5/8/8/4Q2P/bPP4K/6R1 b - - 0 35
2235,10,890351,3.9351,100.0,0.291,7k/p2N2rp/2B5/8/8/1b2Q2P/2P4K/8 w - - 0 38
2240,10,2906,2.2199,100.0,0.001,8/p2B2kp/8/4Q3/8/1P5P/7K/8 b - - 2 40
2245,10,1268845,4.077,100.0,0.404,4B2k/p6p/4Q3/8/8/1P5P/7K/8 w - - 7 43
2250,10,1303442,4.088,100.0,0.526,r3kbnr/pp1b1ppp/1qn1p3/3pP3/3P4/5N1P/PP2BPP1/RNBQK2R b KQkq - 0 8
2255,10,1840392,4.2315,100.0,0.817,r3k2r/pp1bbppp/1qn1p3/3pPn2/3P4/5N1P/PPN1BPP1/R1BQK2R w KQkq - 5 11
2260,10,1372795,4.1092,100.0,0.561,2kr3r/pp1bbpp1/1qn1p2p/3pPn2/3P4/P4N1P/1PN1BPP1/R1BQR1K1 b - - 1 13
2265,10,1148942,4.0367,100.0,0.494,1k1r3r/1p1bbpp1/1qn1p2p/3pPn2/p2P1B2/P2Q1N1P/1PN1BPP1/R3R1K1 w - - 0 16
2270,10,1777833,4.2169,100.0,0.776,1k1rr3/1p1bbpp1/1qn1p2p/3pPn2/3P1B2/PR1Q1N1P/2N1BPP1/4R1K1 b - - 0 18
2275,10,3317068,4.4882,100.0,1.376,1kbrr3/1pq1bpp1/2n1p2p/3pP3/3P1BPn/PR1Q1N1P/2N1BP2/1R4K1 w - - 3 21
2280,10,1074739,4.0099,100.0,0.448,1kbrr3/1pq2pp1/4p2p/3pP3/1R1P1BPb/P2Q3P/4BP2/1R4K1 b - - 0 23
2285,10,670259,3.8249,100.0,0.248,1kbrr3/1pq3p1/4pp2/3pP1p1/1R1P2P1/P3Q2P/4BP2/1R4K1 w - - 0 26
2290,10,524845,3.7325,100.0,0.223,1kbrr3/1p3qp1/4p3/3pPPp1/1R1P4/P5QP/4BP2/2R3K1 b - - 0 28
2295,10,1702338,4.1986,100.0,0.736,1kbr4/1p2r1p1/4p3/2QpP1p1/1R1P1q2/P6P/4BP2/2R3K1 w - - 4 31
2300,10,1106308,4.0215,100.0,0.501,1kbr4/5rp1/4p3/1BQpP1p1/R2P1q2/P6P/5P2/5RK1 b - - 2 33
2305,10,1905790,4.2463,100.0,0.777,1kb2q2/1r4p1/2Brp3/Q2pP1p1/R2P4/P6P/5P2/5RK1 w - - 7 36
2310,10,2769297,4.408,100.0,1.038,5Q2/1bk3p1/3rp3/3pP1p1/R2P4/P6P/5P2/5RK1 b - - 0 38
2315,10,2274283,4.322,100.0,0.794,5Q2/2k3p1/2b1p3/3pP1p1/R2P4/P6P/5P2/6K1 w - - 0 41
2320,10,72,1.5337,100.0,0.0,8/1k4p1/3Qp3/1R1pP1p1/3P4/P6P/5P2/6K1 b - - 0 43
2325,10,1260721,4.0744,100.0,0.512,r1bqk1nr/pp3pbp/2npp1p1/2p5/4PP2/2NPB1P1/PPP3BP/R2QK1NR b KQkq - 1 7
2330,10,789013,3.8878,100.0,0.364,1rbq1rk1/pp3pbp/2npp1pn/2p5/4PP2/2NPB1PP/PPP1N1B1/R2QK2R w KQ - 3 10
2335,10,1901068,4.2452,100.0,0.84,1rbq1rk1/pp4bp/3pp1pn/2p2p2/3nPP2/2NPB1PP/PPPQN1B1/2KRR3 b - - 3 12
2340,10,1312912,4.0909,100.0,0.585,1rb2rk1/6bp/1q1pp1pn/ppp2p2/1P1nPP2/P1NPB1PP/2PQN1B1/2KRR3 w - - 0 15
2345,10,1875779,4.2395,100.0,0.849,1r3rk1/1b4bp/1q1pp1pn/1pp2p2/1P1nPP2/3PB1PP/N1PQN1B1/1K1RR3 b - - 2 17
2350,10,1003655,3.9825,100.0,0.46,1r3rk1/1b4bp/3pp1pn/1pp2p2/qP2PP2/1nPPB1PP/N1Q1N1B1/1K1RR3 w - - 3 20
2355,10,3049704,4.4507,100.0,1.315,1r3rk1/1b4bp/3Rp1pn/5p2/qPp1PP2/1nP1B1PP/NKQ1N1B1/4R3 b - - 0 22
2360,10,2865689,4.4231,100.0,1.315,1r3rk1/6bp/4R1p1/3b1n2/qPp1pP2/1nP3PP/NKQ1N1B1/2B1R3 w - - 3 25
2365,10,25,1.3797,100.0,0.0,1r3rk1/6bp/6p1/3BRn2/q1p2P2/1nP3PP/NKQ1N3/2B1R3 b - - 0 27
2370,10,1396739,4.1163,100.0,0.618,1r3r1k/6bp/6p1/3BR3/qNp1nP2/1nP3PP/1K2N3/2B1R3 w - - 0 30
2375,10,5569238,4.7269,100.0,2.204,5r1k/6bp/6p1/4R3/1qp1BP2/1n4PP/K3N3/2B1R3 b - - 1 32
2380,10,381,1.8117,100.0,0.0,1r5k/7p/6p1/4P3/2p1B3/Bn4PP/K2qN3/4R3 w - - 3 35
2385,10,4518003,4.6291,100.0,1.518,7k/1r5p/6p1/4P3/1Bp5/6PP/3qN3/1Kn1R3 b - - 1 37
